,coeff_Ch1,coeff_Ch2,coeff_Ch5,coeff_Ch6
_intercept,-0.06622727856332525,-0.05044314209528535,0.0824395591118885,-0.13243004256151825
cpn_-20,-0.02562522784108528,0.011798340899889861,0.03561879469808078,-0.07918026190546383
cpn_-19,0.011729363267014195,0.014126466776687701,0.024317430641767453,-0.06893010148318278
cpn_-18,0.030277800988200515,0.011405118714992068,0.02246260272897041,-0.0588666324082926
cpn_-17,0.01235977299867706,0.026860663285996365,-0.027599237665185017,-0.042155660038332335
cpn_-16,-0.03214948948206128,0.028076156583640592,-0.0736810010970349,-0.06800525411502689
cpn_-15,-0.08584559997093687,0.05183031922769481,-0.10312499767876938,-0.05699086148934677
cpn_-14,-0.11325212987374664,0.057343610639288625,-0.10477841588316787,-0.041834951050774
cpn_-13,-0.10221324035972049,0.06366222942505645,-0.10899607255781704,-0.050215566579221105
cpn_-12,-0.09245708035726322,0.05419539763300498,-0.08385166603932824,-0.012753874261143477
cpn_-11,-0.08332363043456675,0.06952761953773143,-0.10071097680138984,-0.013179373446456274
cpn_-10,-0.06857669274903155,0.0642545579727184,-0.1085405898415176,0.016554749319114936
cpn_-09,-0.06253172817152215,0.07229787181298533,-0.10482881458010337,0.006435907807529921
cpn_-08,-0.053054581892153264,0.05089196101463266,-0.11047750730602901,0.036341051212105124
cpn_-07,-0.04316609706397418,0.07121114235222373,-0.11736096589233702,0.06038551955220752
cpn_-06,-0.035103893610371806,0.057291598713750565,-0.13586583705667835,0.09095414226059759
cpn_-05,-0.04744332634599744,0.049611748473823755,-0.1529951062347615,0.048781896010290544
cpn_-04,-0.06512673614044914,0.01147214611221543,-0.15478917179423884,0.026976700657802104
cpn_-03,-0.06882239951255736,0.0011200138148663302,-0.11912858315027366,-0.025769557906793934
cpn_-02,-0.06785862769341014,0.0074443671101394535,-0.022133063709681378,-0.06719028929450063
cpn_-01,-0.05069676101099041,-0.015128361901240617,0.13787526038586817,-0.12118984764421409
cpn_000,0.09529944454891914,-0.008729042202549537,0.43334427527187874,-0.11332297047678476
cpn_001,0.2934327139639759,-0.020583529151619928,0.5983395611112731,-0.033177406847179514
cpn_002,0.36141696151021674,-0.03529519293918765,0.4917770012291196,0.03471662456420417
cpn_003,0.33604960801422074,-0.04030887708055438,0.2823594173859751,0.0868961217871421
cpn_004,0.27151547092258443,-0.044571744645391737,0.10452146082595307,0.10306158006051468
cpn_005,0.2316450892223202,-0.04087912610601967,0.008565659068027216,0.10623320290919666
cpn_006,0.20380775696103318,-0.03332951971467918,-0.04029085299393328,0.09977806616200952
cpn_007,0.14728671939428453,-0.051756281592448466,-0.10920240047464971,0.08972927681173695
cpn_008,0.011343543317345408,-0.03453184407601206,-0.16117883445435174,0.033162714848152614
cpn_009,-0.14154043377109937,-0.03540973312299278,-0.17585822119964728,-0.02211972481921478
cpn_010,-0.26032227937106395,-0.06348195246687954,-0.1086223797878828,-0.11513621879819828
cpn_011,-0.30137800415551314,-0.0916533727978622,-0.007636191226766523,-0.17319906513325126
cpn_012,-0.27798115628791514,-0.06058802839546687,0.07052869043900188,-0.15800370701264702
cpn_013,-0.25128371255990334,-0.0007603919573232198,0.11469490233872956,-0.16990168513183496
cpn_014,-0.23988908632379782,0.02448948903319333,0.11330238232320237,-0.16051691546435062
cpn_015,-0.2283972014277366,0.028253800570049285,0.09331870671990206,-0.14099824674448824
cpn_016,-0.20541072923957376,0.016720442241312576,0.09272699364558179,-0.14175736511383574
cpn_017,-0.16362681181851635,0.018711896856409414,0.10702118258196013,-0.11084942340393752
cpn_018,-0.11382865372321875,0.012528736829183117,0.11170167573342667,-0.08114028534677245
cpn_019,-0.06660011414458011,0.00448560716987861,0.10141679673492446,-0.07491724542884044
cpn_020,-0.0371153620465743,0.014501456617514934,0.06122943349115416,-0.03496720290195167
cpx_-20,-0.059365062796322074,-0.028739851670924816,0.0021716207569677237,-0.014400668908773132
cpx_-19,-0.08760386821205493,-0.045506680640969854,-0.0028803170213233358,-0.04583912161770425
cpx_-18,-0.059405952035719814,-0.05170488080349339,0.03603119808628409,-0.05433746472571031
cpx_-17,-0.017246696348137306,-0.0607541865973967,0.056424885286953164,-0.049510750740684846
cpx_-16,0.019972277697886735,-0.08132212655247574,0.08904231059924435,-0.061706980205132614
cpx_-15,0.039964912128322205,-0.09039749823599227,0.09693210810359329,-0.07441919378501576
cpx_-14,0.032810202006227224,-0.07992821479822385,0.09286782156815389,-0.09169825364736908
cpx_-13,0.011536495577484047,-0.07732894039296993,0.07727953715890891,-0.10754805076460336
cpx_-12,-0.012526357239199653,-0.07190369065912736,0.07280955846570031,-0.11418494961503724
cpx_-11,-0.03608565982080583,-0.06403462313136035,0.08775595172321506,-0.1400038809713723
cpx_-10,-0.046035542526053325,-0.05895003126486521,0.08299429761452884,-0.13001419347753268
cpx_-09,-0.056048436571101416,-0.05246982334269143,0.06165728309393394,-0.13997636374603423
cpx_-08,-0.05636118540067328,-0.0404998369290102,0.028744415163366968,-0.14126079601935176
cpx_-07,-0.051677530274293414,-0.05355990870061282,0.023000979756310456,-0.15769616730854594
cpx_-06,-0.03144378381402138,-0.038524269040374245,0.0031594871898534115,-0.147234245549494
cpx_-05,-0.019163901647821422,-0.02435370019406064,-0.021241806031444446,-0.14500498028731465
cpx_-04,-0.035852915603798996,-0.02981542689456076,-0.03990067292593129,-0.12343447582525569
cpx_-03,-0.07427006783358919,-0.011606412015893318,-0.07139989258235557,-0.11393812634860223
cpx_-02,-0.1492040750589187,-0.032565398321351316,-0.10126605437718589,-0.1760186661572953
cpx_-01,-0.22653701767590426,-0.02042024322570936,-0.1531806500588319,-0.21179144318076293
cpx_000,-0.3221151973288104,-0.006944248616097215,-0.23816363007541128,-0.22067551193936885
cpx_001,-0.4029427905254892,0.036539284205727135,-0.32862497656721074,-0.2340718723614582
cpx_002,-0.41938331511073146,0.05694483430221637,-0.35982123086812123,-0.21864841896719137
cpx_003,-0.4035420258478161,0.07653004522634282,-0.24832145442847392,-0.234066552132141
cpx_004,-0.3062599254850248,0.06584471389697762,-0.036789814741448205,-0.23522293867525756
cpx_005,-0.1683308828737531,0.045655376326072514,0.18016813588051336,-0.22451162582335113
cpx_006,-0.042863344820203514,0.01141518387521033,0.33059628434568034,-0.1986205783383982
cpx_007,0.0694061463602412,-0.022101939745562536,0.3362468416637211,-0.14079219550005567
cpx_008,0.13038107267751017,-0.02387389921987016,0.2783899820845045,-0.11448368534902725
cpx_009,0.15064164092189014,-0.037597637470780175,0.18539761295199236,-0.08189413441800049
cpx_010,0.14316307643213938,-0.009226931619256688,0.1000036032078266,-0.04872905317830939
cpx_011,0.15977372223309524,-0.00706541712714541,0.057389414466886904,-0.03164270885672999
cpx_012,0.19755392490693996,-0.02323641226513956,0.026809387889973474,-0.008112082708153515
cpx_013,0.23105134074320152,-0.06458309781539129,-0.0102003720829719,0.024471628746569177
cpx_014,0.2527268389089541,-0.08058350578410356,-0.020175995140419185,0.02714264774518513
cpx_015,0.23612268334132822,-0.06635648858937146,-0.043691658764670835,0.02171862496645681
cpx_016,0.20214786220856729,-0.07778620444289613,-0.040908157917894546,-0.010176391091283245
cpx_017,0.12367972592705298,-0.07253640930605856,-0.04267417815112143,-0.052838263289448406
cpx_018,0.042939225011958335,-0.05712987744477356,-0.04119781073929026,-0.07010565573969288
cpx_019,-0.04526757902238931,-0.04398568861861107,-0.007337095621177415,-0.10270544543716334
cpx_020,-0.11723247578042716,-0.04129808043997865,0.037917659962959885,-0.12325175658111422
spnnr_-20,-0.044971366712937284,-0.023258703499722012,-0.00729050796532972,-0.058084753219585394
spnnr_-19,-0.02727786465114234,-0.01770596209914464,0.009300115881070072,-0.07994191475171909
spnnr_-18,-0.035134739196078485,-0.0067893312764367095,0.005124551510224985,-0.0703991975870067
spnnr_-17,-0.023533885972444803,-0.05645705679808234,-0.0006741449172148629,-0.06944523196849996
spnnr_-16,0.020334381220147767,-0.05892446565435179,0.004678153121775452,-0.08536136752698241
spnnr_-15,0.08712611143039617,-0.1017651345233872,0.00836335438898334,-0.08618077375295892
spnnr_-14,0.1467846926286264,-0.12383724593152741,0.003850020652333942,-0.03182885439891533
spnnr_-13,0.2253775152694785,-0.1118431873076707,0.0012042370442396557,0.023316734222485383
spnnr_-12,0.2835369940844911,-0.08463320268353153,-0.01278947545667056,0.10642363312794315
spnnr_-11,0.2779365244926425,-0.0720114772784344,-0.0759853882134414,0.11955899171084504
spnnr_-10,0.2443239881114153,-0.05687444330449039,-0.1282330031530239,0.13076268087224285
spnnr_-09,0.14431232787629714,-0.03500280648902903,-0.20424805930313686,0.12452825358211209
spnnr_-08,0.06093908376366416,-0.013934718786411221,-0.286218908976186,0.10496153744157642
spnnr_-07,-0.03994421984641386,0.005587348800451663,-0.3743877487007657,0.09168931740582387
spnnr_-06,-0.059230191860043115,0.03336596967433611,-0.44423484723061357,0.1263632805924789
spnnr_-05,-0.0462906272616494,0.05327713393832663,-0.5342264458326361,0.1451609814183786
spnnr_-04,0.07828037243159132,0.07192043310883044,-0.5387948758044522,0.2549105115347118
spnnr_-03,0.12412299166061294,0.04258046040743213,-0.48469740823600044,0.2621029985510954
spnnr_-02,0.1407981085357469,0.05838154945930945,-0.23058397465436115,0.23735354637475078
spnnr_-01,0.13808561745439824,0.0568164484497482,0.16853902386043823,0.1590798117062677
spnnr_000,0.2958781537051382,0.06711123581271368,0.609508844314488,0.11094123794847038
spnnr_001,0.3888560182331758,0.07290337470954711,0.6503652049448903,0.11988004183913742
spnnr_002,0.33093563386519387,0.06217465405984795,0.2507145411439713,0.1670211025884491
spnnr_003,0.09071016765196299,0.09738502626441961,-0.22317555354106894,0.10882925380217984
spnnr_004,-0.1448696968778865,0.03652463128390232,-0.46784183767634707,-0.06428538346268442
spnnr_005,-0.25757709453160327,-0.006219079809737548,-0.4478924993626541,-0.20292800375286513
spnnr_006,-0.1993524047168994,-0.015597836775383817,-0.23878544387544956,-0.2774620320829063
spnnr_007,-0.04148107444894024,0.0016729428291091418,0.02004099719434564,-0.2894851999780528
spnnr_008,0.008485827816677852,0.015630030527180185,0.1332930459980245,-0.3217221950896944
spnnr_009,-0.0013729609871819216,-0.009887771142057897,0.2106076859819398,-0.322878349425813
spnnr_010,-0.054797104648490046,0.0022678009461675804,0.23718312079862983,-0.33051441120157493
spnnr_011,-0.0709669313931369,-0.011708176562015907,0.2546919437110671,-0.33043343641080886
spnnr_012,-0.08432844228379122,-0.01775677111933037,0.24910103345545456,-0.3118866945838265
spnnr_013,-0.06768427331507845,-0.05502277036628426,0.23832159693049695,-0.276459946170667
spnnr_014,-0.020756971067556598,-0.02997996719521066,0.21643809941591496,-0.2487514133342578
spnnr_015,0.01695478819618499,-0.017935715472959537,0.17806582449435596,-0.19931219268515135
spnnr_016,0.03928108289189787,-0.02045556414693697,0.11611798853747912,-0.16052241668010128
spnnr_017,0.03574637357168148,-0.02113450589432651,0.03185483958033472,-0.10403699653106785
spnnr_018,0.02418549155519331,0.022272097351712775,-0.020406954101882962,-0.07507623206953294
spnnr_019,-0.007690782233151833,0.009139741764263597,-0.06293861228964506,-0.036520069594847805
spnnr_020,-0.03655370926083443,0.013493012162203406,-0.12297900898501335,-0.02173133745975789
spxnr_-20,0.07277518427658444,0.04584178049828893,0.07886326884393638,0.04779350645215979
spxnr_-19,0.07098739084876284,0.054615924780814805,0.08616175209038722,0.062342564962502144
spxnr_-18,0.0705801305367658,0.08604510663732504,0.06858588419971044,0.09908000996177906
spxnr_-17,0.050986078896232336,0.10811336344689274,0.04278115319621313,0.08577001522605979
spxnr_-16,0.06325383345227438,0.08723932476680538,0.042420188806342386,0.11791685686537412
spxnr_-15,0.052491957425159164,0.08868174748791913,0.029619111235668613,0.1198401715332437
spxnr_-14,0.03182717320052621,0.11891567273180409,0.01897486073297816,0.09548052031303603
spxnr_-13,-0.04388487469855813,0.10568208601647393,0.009314008902716574,0.07065489579752121
spxnr_-12,-0.10364098367218315,0.09112100474506049,0.015352222779664049,0.008638337202995512
spxnr_-11,-0.12226333851147544,0.07452387402275495,0.05808948807112123,-0.005082836045555592
spxnr_-10,-0.12725890025712044,0.06242792232914472,0.0980812206337624,-0.029754469853717193
spxnr_-09,-0.07825564173811522,0.05043496101320262,0.18614587890879838,-0.03042165529941774
spxnr_-08,-0.03260971022844972,0.030358479561265205,0.23186941960852228,-0.022803352488265406
spxnr_-07,0.027644154424771843,0.05070319875225481,0.30444968287182655,-0.03720539068442804
spxnr_-06,0.014566483703784721,0.04057906656078064,0.37588995372532863,-0.07015985288564766
spxnr_-05,0.006500348220092089,-0.010091975689934262,0.43441454450814476,-0.08484973477141423
spxnr_-04,-0.05240952749125414,-0.07126528976623958,0.4569824084370431,-0.14832680434441967
spxnr_-03,-0.06854105491710366,-0.06108418394160768,0.4152596177317943,-0.18088040389407295
spxnr_-02,-0.13208899206646463,-0.07451736509723667,0.283100234433831,-0.16134010861635711
spxnr_-01,-0.22378386409756507,-0.023830452253628884,0.015608971671689512,-0.15637942777435973
spxnr_000,-0.41139802475761095,-0.05847655090984682,-0.3425672106099892,-0.18806343369060008
spxnr_001,-0.4717084486053094,-0.05350373390056451,-0.47895480072477964,-0.19687318027434622
spxnr_002,-0.3500782283248363,-0.07536983965968655,-0.2735774035570945,-0.16117867983834638
spxnr_003,-0.03515502088032763,-0.10163047244352605,0.12025831741116519,-0.10046121049540419
spxnr_004,0.25557695197276137,-0.11600079036875838,0.4265314191342242,-0.013423986648749966
spxnr_005,0.30633842235033637,-0.09841520945808167,0.43178359394399674,0.05672894121734021
spxnr_006,0.22371767543426316,-0.10003652308223143,0.3201210722797897,0.09223516089715478
spxnr_007,0.07090142878815972,-0.0840550386513428,0.10923615986495616,0.12177953620254722
spxnr_008,-0.04469299466636957,-0.06059993754855802,-0.053944403012644,0.14545684802613743
spxnr_009,-0.11356634801484888,-0.037583101291687966,-0.1581645993841027,0.1668739992636038
spxnr_010,-0.11943641185870701,-0.048939589443867705,-0.18674717872822674,0.18932663651292475
spxnr_011,-0.1097945437835028,-0.005179241085925684,-0.20852287592560478,0.199669833099551
spxnr_012,-0.10383997060558829,0.004203945252793402,-0.23299346292897735,0.19420722377795993
spxnr_013,-0.09998016454984093,0.012598240510093315,-0.23328538135925297,0.20225990165409247
spxnr_014,-0.10085004359047917,0.0073559613245766445,-0.25025460178036424,0.17530361198360664
spxnr_015,-0.11218956345612222,0.031480125520871725,-0.2540764309709947,0.17368571623414783
spxnr_016,-0.11346072281141838,-0.007164146229748253,-0.23958936328015523,0.14924963926041684
spxnr_017,-0.1219700859216405,0.018955708128483243,-0.22190965871153057,0.1353337392383745
spxnr_018,-0.12452616073524715,0.02744103024343324,-0.20459626938053105,0.13164814830466715
spxnr_019,-0.11870608814797153,0.027177105373261352,-0.18891498804749765,0.11661159245038993
spxnr_020,-0.10501987810689692,0.0028188799504565926,-0.14154190851898985,0.08766301097951698
photometrySideInIndexAA_-20,-0.08607478351750833,-0.009527093142846398,-0.0348749197779028,-0.035819092478970985
photometrySideInIndexAA_-19,-0.05971442822150385,-0.0015923070120958897,-0.028130724557342664,-0.03479205382230277
photometrySideInIndexAA_-18,-0.011295511797402286,0.019010675198290302,-0.036898427930430557,-0.029910856950198277
photometrySideInIndexAA_-17,0.06304032347057266,0.009737016806594891,-0.05532576321470803,-0.02173716299870397
photometrySideInIndexAA_-16,0.1376146911552085,0.012756935720400483,-0.07759829211821581,0.010584779952816606
photometrySideInIndexAA_-15,0.21287160943451414,0.060294815463024884,-0.0568237138861163,0.033783093624923016
photometrySideInIndexAA_-14,0.33486812636535485,0.10439735689310531,-0.04381104687389774,0.16520744889844421
photometrySideInIndexAA_-13,0.4651493948421938,0.19458016095344452,-0.10788112861700934,0.3212275450104282
photometrySideInIndexAA_-12,0.5804667658091704,0.2825685255155991,-0.24047745245864088,0.4911127121128246
photometrySideInIndexAA_-11,0.6243590080712345,0.34257438315867683,-0.46781125824393965,0.618880899092468
photometrySideInIndexAA_-10,0.4794318847934833,0.4018245050864354,-0.7529909289740154,0.7333889964562055
photometrySideInIndexAA_-09,0.1972968872356256,0.47407407406820873,-1.0454728790874395,0.7301360231728138
photometrySideInIndexAA_-08,-0.10319376055486908,0.5223442109619433,-1.2937209283317201,0.6816357333944675
photometrySideInIndexAA_-07,-0.31366509490019107,0.5208376084230553,-1.3932369673653884,0.6745831419737784
photometrySideInIndexAA_-06,-0.3795079894079551,0.6459978975455852,-1.3976761641131212,0.6496380081142428
photometrySideInIndexAA_-05,-0.30796378423834964,0.7170996341616522,-1.299416365987496,0.6969663802956333
photometrySideInIndexAA_-04,-0.15247384840039768,0.6969069894222542,-1.1570521859833398,0.7698745393786026
photometrySideInIndexAA_-03,0.03399426933197952,0.681856970302784,-0.997304802263285,0.8057323659765624
photometrySideInIndexAA_-02,0.012651585903660499,0.6910851677858081,-0.7865996448338922,0.7112702360732098
photometrySideInIndexAA_-01,-0.16622210230271114,0.5955373277889773,-0.34985056762107636,0.4200379940593789
photometrySideInIndexAA_000,-0.26977410771264176,0.4837871248958095,0.09482427533620232,0.06103832803432188
photometrySideInIndexAA_001,-0.3921944975767061,0.36572751173370754,0.23816216616290042,-0.2812528214605393
photometrySideInIndexAA_002,-0.13399287893087322,0.23850887232096052,0.5756027525187265,-0.3939383467074888
photometrySideInIndexAA_003,0.5436621736844532,0.2888419261481702,-0.05578172131793271,0.1357528773089997
photometrySideInIndexAA_004,1.3650791584555468,0.4823768799682592,-0.553771171600704,0.8924633358911959
photometrySideInIndexAA_005,1.5319185311835652,0.5117849970624861,-0.7233253554570206,1.1745789785932765
photometrySideInIndexAA_006,1.2641921337504989,0.49024976298079886,-0.6920295898448084,1.1436755841075208
photometrySideInIndexAA_007,0.9930371114947981,0.4535154721175966,-0.5439648934576371,0.9953931480219494
photometrySideInIndexAA_008,0.7846175273731439,0.3941145955194586,-0.37051132690784583,0.8313913580132597
photometrySideInIndexAA_009,0.6811756940686088,0.45176258638317324,-0.22409748123801843,0.7636315284847942
photometrySideInIndexAA_010,0.5478105772001594,0.4438438173703281,-0.2432304376735354,0.6727903417116049
photometrySideInIndexAA_011,0.3524876126625432,0.3633810013166751,-0.3293573428757185,0.5424879101871861
photometrySideInIndexAA_012,0.19595808229983566,0.3071232570061405,-0.35828325656995347,0.3925548747295997
photometrySideInIndexAA_013,0.13159661695878794,0.24887782299163533,-0.3137367248352643,0.28233696328843727
photometrySideInIndexAA_014,0.07547090970984931,0.23659941841660287,-0.189211744326758,0.20156745338677565
photometrySideInIndexAA_015,0.07261169685244569,0.19744385149216254,-0.05610559004153471,0.12277125636431824
photometrySideInIndexAA_016,0.06918968766379606,0.14910989889805476,0.08185179853057792,0.06494575213858697
photometrySideInIndexAA_017,0.04909434130024619,0.14306899895122152,0.15392262504877963,0.023817280000269506
photometrySideInIndexAA_018,0.043862284382965376,0.1099152889731104,0.16616106450002702,-0.012052156853678098
photometrySideInIndexAA_019,0.04296769526336828,0.0797523379326861,0.14497304935633662,-0.008093207948327588
photometrySideInIndexAA_020,0.05610447086195246,0.06871940428925205,0.14183245742421471,0.01602331995369822
photometrySideInIndexAa_-20,-0.14177679186676642,-0.07027317294076857,-0.05285141468432121,-0.13678394416958614
photometrySideInIndexAa_-19,-0.10957530454473421,-0.06777689102632792,-0.0507056305929158,-0.13065622615318828
photometrySideInIndexAa_-18,-0.0732278000120525,-0.12862035012190062,-0.057904374037931375,-0.047866996254937594
photometrySideInIndexAa_-17,0.029617958490861192,-0.024865794616033846,-0.09048286650795942,-0.07499378381009844
photometrySideInIndexAa_-16,0.15357226122351914,-0.04300592491394475,-0.027205455481273774,-0.011951245038694774
photometrySideInIndexAa_-15,0.27794903069434085,-0.0542982502143598,-0.047274536361003816,0.09348220087517592
photometrySideInIndexAa_-14,0.43952148879884745,-0.07486348227617777,-0.03177254713615671,0.24070525517616148
photometrySideInIndexAa_-13,0.6318003907789048,-0.011026478501192847,-0.0345784005657893,0.40164662815994695
photometrySideInIndexAa_-12,0.8416083028684059,0.05978469896220099,-0.06281348896197855,0.5774021458210961
photometrySideInIndexAa_-11,0.9455784382295327,0.1287446241936461,-0.2318626609694883,0.8119951305276378
photometrySideInIndexAa_-10,0.9010135572825013,0.25345980934334095,-0.4640439200485428,0.9624394708999183
photometrySideInIndexAa_-09,0.6759026485363305,0.31237058328902956,-0.7982994466808535,1.0222299489308508
photometrySideInIndexAa_-08,0.42171447007509355,0.38840545721810765,-1.0307030035169324,1.0079912316805428
photometrySideInIndexAa_-07,0.2846624917824999,0.3815965692167228,-1.2249294348856758,1.0738073871404763
photometrySideInIndexAa_-06,0.26293090420662635,0.45753053015716605,-1.2735086894832806,1.1181168467036646
photometrySideInIndexAa_-05,0.35912019741885687,0.458442257513749,-1.3201144350708915,1.1199025489714962
photometrySideInIndexAa_-04,0.485697412448046,0.527994339047874,-1.272675078220762,1.2439889847771848
photometrySideInIndexAa_-03,0.595626303342853,0.5526402263140483,-1.168509393007992,1.2514163939329863
photometrySideInIndexAa_-02,0.4938196563977295,0.4621338057111819,-1.0235088161591335,1.1560480740915282
photometrySideInIndexAa_-01,0.23716509601046312,0.4841543422431854,-0.587268362180187,0.7746217207085506
photometrySideInIndexAa_000,0.08259829031790733,0.38218768274765974,-0.04014579967101112,0.449245813774738
photometrySideInIndexAa_001,-0.22835913915904235,0.40814610957985314,-0.23674201966109398,0.26671984546494387
photometrySideInIndexAa_002,-0.7280435291873519,0.3490820304694818,-0.7107918890865182,-0.10015580620012626
photometrySideInIndexAa_003,-1.1737436047755712,0.17770771931925838,-0.7126247154310907,-0.507935881833231
photometrySideInIndexAa_004,-1.3753528237579316,0.06571080223488633,-0.29210942616929425,-0.8647951276594095
photometrySideInIndexAa_005,-1.2561230972332698,-0.10233758232545018,0.38491250374160035,-1.078741625232966
photometrySideInIndexAa_006,-0.908156842237805,-0.12335277923510299,1.1077116810381746,-1.1868711892927706
photometrySideInIndexAa_007,-0.5257992680559783,-0.05357627215136442,1.5324352949280284,-1.2505640770127575
photometrySideInIndexAa_008,-0.37487302218964247,-0.11490436203142351,1.59812418695475,-1.2134543951389754
photometrySideInIndexAa_009,-0.32075906757642775,-0.09184399924163077,1.342295867490449,-1.091019225597214
photometrySideInIndexAa_010,-0.3351634003736656,-0.009337111316151114,1.025125160951554,-0.9801148061679215
photometrySideInIndexAa_011,-0.39252394101311916,-0.06695320718712146,0.7010289158476974,-0.8747144085605026
photometrySideInIndexAa_012,-0.40941826092123046,-0.08387847847990491,0.5600950081198965,-0.7914842635588233
photometrySideInIndexAa_013,-0.35488676973670563,-0.031437107993981674,0.41182331069594064,-0.6567874659707066
photometrySideInIndexAa_014,-0.2662885251225886,-0.07039125198535393,0.3136243062721465,-0.5257356251937376
photometrySideInIndexAa_015,-0.2055902906606592,-0.012277677470167565,0.2377022720317963,-0.442296442092965
photometrySideInIndexAa_016,-0.1633877990533296,-0.0603145412629438,0.18511281836046492,-0.3702333831520878
photometrySideInIndexAa_017,-0.13016481018277515,-0.03262000589152731,0.14017022375305313,-0.27432436385609477
photometrySideInIndexAa_018,-0.11115583158999967,-0.009878064888519293,0.1399614290593636,-0.18042101874117042
photometrySideInIndexAa_019,-0.0883468538460639,-0.033304931030923975,0.12276196155625056,-0.17352774689045114
photometrySideInIndexAa_020,-0.07713922633390226,-0.04294170286900415,0.0989828140634334,-0.06433672856656125
photometrySideInIndexaA_-20,-0.0038950203742433697,0.13064209919021927,0.15800635127458057,0.045782887528176434
photometrySideInIndexaA_-19,-0.013473909285657597,0.047879124096644146,0.1678525059761399,0.07641838467711626
photometrySideInIndexaA_-18,0.03994762839021686,0.013441938403765195,0.13857887656478274,0.09676341107605649
photometrySideInIndexaA_-17,0.10202798050987011,0.0997521735164164,0.11766512772687684,0.08164021956954105
photometrySideInIndexaA_-16,0.1760183330113333,0.07005359358215878,0.028772243405223677,0.04074705025046412
photometrySideInIndexaA_-15,0.24722092825140976,0.16070256808502129,0.044399877502786976,0.10473805192364638
photometrySideInIndexaA_-14,0.3580927812294889,0.13686848865348977,0.10340070755369848,0.2335869845143447
photometrySideInIndexaA_-13,0.5920701148086358,0.27834299541512825,0.060087995756226115,0.5349928810536771
photometrySideInIndexaA_-12,0.8018324688217358,0.4075688991443354,-0.08146699641901217,0.776752654615927
photometrySideInIndexaA_-11,0.8382160529745735,0.4273263460037397,-0.31611498383968517,0.8344696006957673
photometrySideInIndexaA_-10,0.6890413682962293,0.5522343175158004,-0.6339293268349652,0.9513628392199001
photometrySideInIndexaA_-09,0.370364531154934,0.5891780444470929,-0.8974212858480719,0.9216574787709921
photometrySideInIndexaA_-08,0.039196824654627344,0.5709509765527435,-1.1660753912419541,0.838094342930839
photometrySideInIndexaA_-07,-0.21552986531721788,0.6276493465594825,-1.2949146137875382,0.7535677231882774
photometrySideInIndexaA_-06,-0.2891271668908114,0.5885979969646877,-1.306552174706617,0.7430092462510968
photometrySideInIndexaA_-05,-0.18958653124818706,0.6272354933097802,-1.1704682634895491,0.8354590359027492
photometrySideInIndexaA_-04,0.048017072323933506,0.6430261914227149,-1.0808728949131576,0.8530163884829725
photometrySideInIndexaA_-03,0.24933970094924893,0.7240152741151016,-0.8535215829425881,0.8578183218148052
photometrySideInIndexaA_-02,0.21096261231993746,0.6947232864784391,-0.5283170600586125,0.8234302097023748
photometrySideInIndexaA_-01,0.020387294848110856,0.7571725625673175,-0.004805125982874685,0.479183234430071
photometrySideInIndexaA_000,-0.09274390512334044,0.6071854349344499,0.3207825640347692,0.2721406449617292
photometrySideInIndexaA_001,-0.1967267665913475,0.48311598916094484,0.42666690784066325,-0.12126882940922395
photometrySideInIndexaA_002,0.48698589275393167,0.501412052197579,0.8757269264282506,0.0915704084553204
photometrySideInIndexaA_003,1.4283875940087605,0.5202555375732791,-0.02209632695760948,0.9463263569656305
photometrySideInIndexaA_004,2.0813298701668748,0.6348971061832274,-0.8029462518480116,1.6670144182830215
photometrySideInIndexaA_005,1.8555191865277525,0.6613616350229026,-1.2188155699395078,1.7194410614967344
photometrySideInIndexaA_006,1.2294912884531906,0.6261983158917088,-1.234645879544754,1.4621635677606448
photometrySideInIndexaA_007,0.8590886818570712,0.576277657207426,-0.9189174608336973,1.2326474700978531
photometrySideInIndexaA_008,0.7259283477890669,0.48218729315347586,-0.5617136189210502,0.9740227028074703
photometrySideInIndexaA_009,0.7361508663880661,0.4506200116674439,-0.2576187248221837,0.8940434853439699
photometrySideInIndexaA_010,0.6400027870207656,0.4188521154156393,-0.19125155294396431,0.8062454878814252
photometrySideInIndexaA_011,0.4187845218144061,0.48463075077430107,-0.24865849012676963,0.670024225151975
photometrySideInIndexaA_012,0.24582523281201296,0.3759842011963566,-0.24569975102554473,0.471835516702905
photometrySideInIndexaA_013,0.1682536707351595,0.43664477126662626,-0.22856753813292705,0.3874308309986184
photometrySideInIndexaA_014,0.1522298470351821,0.37393533902480125,-0.09825562838515334,0.2188619976999168
photometrySideInIndexaA_015,0.1299722105179817,0.247038834956159,0.0036434242304716757,0.1568979294416925
photometrySideInIndexaA_016,0.05386161616538468,0.15662473825887707,0.04318641298713243,0.1011107818927637
photometrySideInIndexaA_017,0.04818843912776205,0.15613233673564975,0.052792584984897944,0.06255901294338809
photometrySideInIndexaA_018,-0.016032513154063066,0.10974269954072338,0.057386285403842524,0.023726866062556126
photometrySideInIndexaA_019,0.019568369353107046,0.17188184964119585,0.019498137141359458,0.0008712799623445098
photometrySideInIndexaA_020,0.044097318763970585,0.06708557604009402,0.012716562787361569,-0.06565837194266001
photometrySideInIndexaa_-20,0.12516560468954183,0.015372832983073308,-0.03681495361617633,0.15993880647922165
photometrySideInIndexaa_-19,0.12589705640518506,-0.05125017373402802,-0.01311654507276843,0.09181676552186287
photometrySideInIndexaa_-18,0.1472053690451831,-0.000829716261765019,-0.01323331429995551,0.10472001081524673
photometrySideInIndexaa_-17,0.20923382211192887,0.007403895619095741,0.02536145323320143,0.16292837928512377
photometrySideInIndexaa_-16,0.35818200262742794,0.05442005177166754,0.17294710348270392,0.15798064960085106
photometrySideInIndexaa_-15,0.4789211789396377,0.016576677670880963,0.22021807239054292,0.1877606340870803
photometrySideInIndexaa_-14,0.6773765044439265,0.00813303016352818,0.231839982389366,0.3678768497679101
photometrySideInIndexaa_-13,0.8566524659812671,0.09882972137508211,0.23720538573014455,0.4946695338824019
photometrySideInIndexaa_-12,1.0807381565343586,0.18576336851809425,0.2037720419307427,0.6749073019373477
photometrySideInIndexaa_-11,1.2124917109944824,0.2776784925453889,0.08593250883595702,0.9119788484944031
photometrySideInIndexaa_-10,1.177547950500244,0.28327249109812574,-0.10861285090182493,0.9506158216849779
photometrySideInIndexaa_-09,1.0067947489992648,0.3372211385495652,-0.3419266816812967,1.0025733775607126
photometrySideInIndexaa_-08,0.8381284022947209,0.29131553864614873,-0.5069044363800399,0.953369421414627
photometrySideInIndexaa_-07,0.6908080138218811,0.30795675147978463,-0.6701642485662563,0.9996268287286428
photometrySideInIndexaa_-06,0.6631586430701515,0.2993170795205207,-0.7248767871101203,0.9650498818501667
photometrySideInIndexaa_-05,0.7477347965079841,0.2999937116934866,-0.6588888798460546,0.973334988701025
photometrySideInIndexaa_-04,0.926339323596889,0.37397152212402773,-0.5142186196770457,0.9733032276153064
photometrySideInIndexaa_-03,0.9896343230957736,0.28169046125980024,-0.36251022117986553,0.8413023239665601
photometrySideInIndexaa_-02,0.7467754402277492,0.094489201952301,-0.0711627340812582,0.7436878690717417
photometrySideInIndexaa_-01,0.4747282636704579,0.03457522047051806,0.35711771633926886,0.3767123569717287
photometrySideInIndexaa_000,0.46776688149026185,-0.02259239488430734,0.8296809925394278,0.16211738838671053
photometrySideInIndexaa_001,0.4208468455302039,-0.05870142490784539,0.6896241046909459,-0.0011121482028656842
photometrySideInIndexaa_002,0.3077748633291351,-0.165142270782911,0.19197185129637884,-0.03949265219416831
photometrySideInIndexaa_003,0.20902902393185896,-0.1689662879698119,-0.01200985432798722,-0.3009510921422364
photometrySideInIndexaa_004,0.09413351331264921,-0.2871708405472552,0.03381834796510805,-0.39667112543001676
photometrySideInIndexaa_005,-0.02821286292307017,-0.3434164428581373,0.3152050049050959,-0.49986317440740835
photometrySideInIndexaa_006,0.004417787381838822,-0.44072015597055664,0.7777774832265716,-0.5885764187992002
photometrySideInIndexaa_007,0.1750861186215703,-0.4252604567336528,1.1202220153895477,-0.5592766438890272
photometrySideInIndexaa_008,0.26371557663160083,-0.31883917934397554,1.175476805669357,-0.5050368790187283
photometrySideInIndexaa_009,0.2713880267446942,-0.3619596669477259,1.0580996865412189,-0.39977114275862696
photometrySideInIndexaa_010,0.17250629597145867,-0.3423245293787335,0.811487327607783,-0.3383240705503738
photometrySideInIndexaa_011,0.1156634252535797,-0.21657622334707094,0.6462902514524449,-0.25638681867932267
photometrySideInIndexaa_012,0.09098450989096793,-0.20798024441866292,0.5278927436734477,-0.2084827543987915
photometrySideInIndexaa_013,0.07954224956925325,-0.06318544979407148,0.43094811174242403,-0.10133763323124186
photometrySideInIndexaa_014,0.05552926021204416,0.043397200926215185,0.3492826586409866,-0.044887668229856556
photometrySideInIndexaa_015,0.040486589415304974,0.06331808134956148,0.35782315640567786,-0.03645528245742838
photometrySideInIndexaa_016,0.09471016927137421,0.013966615340209121,0.3124242091479741,-0.0783608597161114
photometrySideInIndexaa_017,0.06703461161036985,0.04413010496021341,0.26089176212273707,-0.0639460468505355
photometrySideInIndexaa_018,0.025425925826127523,0.15888081634538603,0.20404554237211817,-0.07742859371016535
photometrySideInIndexaa_019,-0.01957857880056661,0.10939593526391929,0.14436866172166243,-0.08778534156508928
photometrySideInIndexaa_020,-0.044599864315734566,0.08552964966325988,0.11663050086200491,-0.04444923076936905
photometrySideInIndexAB_-20,-0.05860800435082715,-0.21220567190244335,-0.1758583693154339,-0.10140864403033709
photometrySideInIndexAB_-19,0.07833308539638133,-0.19317693359366192,-0.18023744668622532,-0.011182455107891625
photometrySideInIndexAB_-18,0.08080444230943958,-0.04651546090976484,0.04551873921420721,0.08601335894601171
photometrySideInIndexAB_-17,0.24613453095317406,0.04255532938165446,0.16175530471196745,0.10012324340746363
photometrySideInIndexAB_-16,0.40197627075385445,0.10853808519717867,0.12275452056607077,0.287553098024388
photometrySideInIndexAB_-15,0.4622541974437668,0.07044425288758877,0.03079071011195083,0.38412709286983987
photometrySideInIndexAB_-14,0.4969330499225097,0.28517454439129525,-0.08760616641552008,0.4003564999198146
photometrySideInIndexAB_-13,0.6463005746516698,0.39003853536143734,-0.011399169698251133,0.3844512591112812
photometrySideInIndexAB_-12,0.7487768542376819,0.31111144016808284,-0.10858953336357542,0.6014878804398957
photometrySideInIndexAB_-11,0.5748135145788761,0.37979157313870165,-0.4467626630107413,0.6836182224869181
photometrySideInIndexAB_-10,0.23798377908988097,0.37025483369798057,-0.7174154716416853,0.6452964613436641
photometrySideInIndexAB_-09,0.10069497775468149,0.46937059192635816,-0.8555464653098934,0.6649494943994795
photometrySideInIndexAB_-08,-0.012517688244775574,0.46280949931635224,-0.8306052305887686,0.5676515788289722
photometrySideInIndexAB_-07,-0.12921880030964766,0.4963896363583457,-0.9484878646703496,0.4200778102026367
photometrySideInIndexAB_-06,-0.17367208495611702,0.7112669056361262,-0.9561648416013782,0.29548227690754675
photometrySideInIndexAB_-05,-0.17552450669686345,0.5841407441177313,-0.8572139639670587,0.5437294257663865
photometrySideInIndexAB_-04,-0.006866805120501413,0.6668262825908993,-0.7019538500059428,0.49859486968549227
photometrySideInIndexAB_-03,0.12425276306972563,0.6038183196735724,-0.668131348889881,0.6424855741617455
photometrySideInIndexAB_-02,-0.00249867870508087,0.5783578342873719,-0.22741961486015422,0.42140305278768164
photometrySideInIndexAB_-01,-0.14885534753251842,0.7486876812415232,0.09504832441822647,0.24982143767397147
photometrySideInIndexAB_000,-0.19038993344303584,0.7051128879858165,0.5715383424772408,-0.0524567466222802
photometrySideInIndexAB_001,-0.0524139180635949,0.37566093628782843,0.9768549112959127,-0.3693245793235068
photometrySideInIndexAB_002,0.808335834798498,0.4927597935216237,1.4638909128784787,-0.041019150452307675
photometrySideInIndexAB_003,1.4376514605616264,0.3296224891787153,0.4120830811478614,0.7129073021995472
photometrySideInIndexAB_004,1.8889086358150433,0.612391228636462,-0.6884933109541999,1.544333432636167
photometrySideInIndexAB_005,1.6377049035804587,0.7524514697502117,-1.303920638044545,1.5061881919347067
photometrySideInIndexAB_006,1.0426603572710307,0.4994188184089,-1.4460526809772785,1.3931341443576646
photometrySideInIndexAB_007,0.6501209494576013,0.30938906701019125,-1.0628357840892448,0.9552923633764914
photometrySideInIndexAB_008,0.6827130281628561,0.7429689848680555,-0.44785554599041494,0.9541273104726483
photometrySideInIndexAB_009,0.9609724159741758,0.4964816607302628,-0.06137792066995966,1.008407395699308
photometrySideInIndexAB_010,0.8922361422170092,0.7195339112596805,-0.008367503748234915,0.9450760052533588
photometrySideInIndexAB_011,0.638453816694161,0.15288608514638224,-0.22009029743999692,0.7889355664988161
photometrySideInIndexAB_012,0.38209162565243354,-0.044234771462810546,-0.34959678686782525,0.647046989457194
photometrySideInIndexAB_013,0.3290803288808384,0.04494914992828236,-0.17808718440888538,0.42629328427221513
photometrySideInIndexAB_014,0.04407538174819083,-0.020720881981710723,-0.12743553358357343,0.2803446013849192
photometrySideInIndexAB_015,0.006892559544157845,-0.010905803812273879,0.0041088976256842095,0.1668984838275657
photometrySideInIndexAB_016,0.03726060618638417,0.16448865462248766,0.07527900197144873,0.09674263146930803
photometrySideInIndexAB_017,0.00046030534084923945,-0.04220212904980486,0.02016679093875148,0.12387937948388722
photometrySideInIndexAB_018,-0.044331717268271,0.32199412185161463,-0.013920194784038649,0.12991847661238162
photometrySideInIndexAB_019,-0.11505929362759432,-0.03167895913305731,-0.06266787609740751,-0.11048135277559372
photometrySideInIndexAB_020,-0.1918047692677227,-0.2535381050395104,0.03464551732299529,-0.005706767088343273
photometrySideInIndexAb_-20,0.0020252167563605617,-0.05047692194105609,-0.08043894766926962,0.08902370706975096
photometrySideInIndexAb_-19,0.028623902480905686,0.13103464558842703,-0.02630768540599959,0.1533953868759853
photometrySideInIndexAb_-18,0.16055645770447152,0.07264977473466742,0.014046271470600655,0.2050750686969468
photometrySideInIndexAb_-17,0.2632546448694814,0.0012652215601721814,0.007628282752555764,0.32056864379712857
photometrySideInIndexAb_-16,0.4205137523422072,0.0034296338686389274,-0.04802019273809908,0.38731159674722504
photometrySideInIndexAb_-15,0.5422642647928616,-0.07306768466020651,-0.03211445313109917,0.3808283691280366
photometrySideInIndexAb_-14,0.7167186745497418,0.0410161225175962,-0.0024444321075025362,0.5486842533406854
photometrySideInIndexAb_-13,0.9249320702950726,0.0646895698639236,-0.008765229632105005,0.7995687427397364
photometrySideInIndexAb_-12,1.0390026792670803,0.15120672740220967,0.06048189759975779,0.8469542271762767
photometrySideInIndexAb_-11,0.9954565815211226,0.23175163347328748,-0.05592521251797736,1.0175790055055562
photometrySideInIndexAb_-10,0.9030244675872112,0.19270450658665816,-0.1966017072122579,0.9615835771482967
photometrySideInIndexAb_-09,0.8469769323117272,0.12910004939745576,-0.4325645064413531,0.9359130472930984
photometrySideInIndexAb_-08,0.7678227936317229,0.030364574978620266,-0.6178579477003525,0.935868535531879
photometrySideInIndexAb_-07,0.7984173067876386,-0.05895666621445735,-0.7795931082651569,0.7803646391648057
photometrySideInIndexAb_-06,0.8807689339484676,-0.06640243503756199,-0.8474316627994362,0.8587735734311543
photometrySideInIndexAb_-05,1.015179035365452,-0.18570910534928337,-0.8847544567729994,0.8568191709028609
photometrySideInIndexAb_-04,1.0735697218315694,-0.23860253307291607,-0.7794599046408293,0.8324479688630251
photometrySideInIndexAb_-03,1.0215403396527598,-0.29115677723315647,-0.49081924973702956,0.7679688407062282
photometrySideInIndexAb_-02,0.8439907662345786,-0.30205281482061125,-0.06964123998491237,0.6136863869039244
photometrySideInIndexAb_-01,0.6378964804438175,-0.2936690781597526,0.43162685937683637,0.3947499744440044
photometrySideInIndexAb_000,0.6305338772050325,-0.4104263023940757,1.0085096347215994,0.11835339439186973
photometrySideInIndexAb_001,0.6430418095702246,-0.4014647357856585,1.0890698455123795,-0.02997032843672523
photometrySideInIndexAb_002,0.4849455848430696,-0.35144055763980014,0.6574291710868274,-0.08282648253522333
photometrySideInIndexAb_003,0.2987533182840379,-0.3261329452875693,0.24275466907665907,-0.22949382187106457
photometrySideInIndexAb_004,0.07990327854589886,-0.26829614893211007,0.18175679301412387,-0.47152303124908096
photometrySideInIndexAb_005,0.028656497236869746,-0.22870670363046056,0.4480785395181215,-0.49754459891794084
photometrySideInIndexAb_006,0.22861009355930953,-0.3705982716318083,0.7171502999035425,-0.5158103854212043
photometrySideInIndexAb_007,0.446276821271024,-0.29892590437720373,0.8822202416203194,-0.5364263047327007
photometrySideInIndexAb_008,0.5220403859239244,-0.2551251121819404,0.9229888804571015,-0.5266846275128648
photometrySideInIndexAb_009,0.5225071753227042,-0.27613729187456837,0.6989367535657643,-0.4751377273336332
photometrySideInIndexAb_010,0.4095377330387218,-0.2546523210074326,0.431407929097816,-0.3831738448282465
photometrySideInIndexAb_011,0.26158694096724133,-0.13492544875206167,0.274554433009038,-0.2567393263595724
photometrySideInIndexAb_012,0.1791752595315729,-0.0149899565972445,0.11377510166835465,-0.2925085071405659
photometrySideInIndexAb_013,0.059326681095527446,0.10554534475813576,0.04844407765493228,-0.32572063221135994
photometrySideInIndexAb_014,-0.007180033563775898,0.07442905792583206,0.08110332941738395,-0.16614735459423519
photometrySideInIndexAb_015,-0.041976147132303465,0.08136810934061357,0.1176626968720717,-0.1201207450093016
photometrySideInIndexAb_016,0.0367130213850933,0.03750713104751765,0.12279323258150819,-0.05969313201210321
photometrySideInIndexAb_017,-0.004500833727649924,0.14608698335456097,0.18770056085568293,0.0015703279378752755
photometrySideInIndexAb_018,-0.02128864207244047,0.21768453470807458,0.13517685489140946,0.034660522587200523
photometrySideInIndexAb_019,-0.04839964304064204,0.1644511865320686,0.04772366054758413,0.005802867662568656
photometrySideInIndexAb_020,-0.006697801545977256,0.04293266217900524,0.011719989496655151,0.020081463705838177
photometrySideInIndexaB_-20,0.06920437659721293,0.18863882630377607,0.09954130842699051,0.09274153388515559
photometrySideInIndexaB_-19,0.10487825670678745,0.18172434969691265,0.09895739856557842,0.1152009266834569
photometrySideInIndexaB_-18,0.14063537089694958,0.16681713527977127,0.142640606284555,0.16374248071697528
photometrySideInIndexaB_-17,0.22886311154436037,0.2107076488015178,0.138326425123129,0.17932106142261914
photometrySideInIndexaB_-16,0.28316496252736034,0.21218512234058087,0.12347493415930963,0.21540981805412396
photometrySideInIndexaB_-15,0.38150588457526907,0.2178789047959386,0.0822790109702386,0.3229234184279814
photometrySideInIndexaB_-14,0.5356020123625029,0.24461881414441053,0.06263228540766491,0.4048809002290975
photometrySideInIndexaB_-13,0.7323321777715166,0.2705133125890954,0.07388303379004221,0.58103981960144
photometrySideInIndexaB_-12,0.8581020799114718,0.44872182588285536,-0.030455500800088447,0.7282442607651282
photometrySideInIndexaB_-11,0.7987066943862587,0.5207056768224964,-0.19478142212973765,0.9221409880698493
photometrySideInIndexaB_-10,0.592936006962958,0.6491173630107767,-0.4748392730019199,0.9310118872799423
photometrySideInIndexaB_-09,0.3252366998120314,0.5843600648527372,-0.7619764715065362,0.9190550174919654
photometrySideInIndexaB_-08,0.04455120290470392,0.6170079664390345,-1.0112030107776735,0.9172727039747164
photometrySideInIndexaB_-07,-0.08835945955165649,0.6855897336462947,-1.1267892729602216,0.982003747996625
photometrySideInIndexaB_-06,-0.15150606932025745,0.7993773581402344,-1.157958708919973,0.9582265525306517
photometrySideInIndexaB_-05,-0.07810177719480532,0.7529688744240538,-1.1259416326679346,0.8741488770973839
photometrySideInIndexaB_-04,0.07119568242242663,0.7605403688132736,-1.0046927674829864,0.9544118511521335
photometrySideInIndexaB_-03,0.20316399785564762,0.7972043340539929,-0.8090516730090536,0.9827598818564066
photometrySideInIndexaB_-02,0.0685793207034062,0.7136246891319097,-0.5235244654979567,0.7584356602887427
photometrySideInIndexaB_-01,-0.18689224891986136,0.7274996673478219,-0.04512024242862135,0.4775041951435283
photometrySideInIndexaB_000,-0.2386206309646293,0.5918603844563368,0.3515832356207949,0.15768647634988997
photometrySideInIndexaB_001,-0.2169012567744072,0.36471424654331375,0.6312988356701107,-0.16705495601390186
photometrySideInIndexaB_002,0.6542965402391832,0.35969423882707074,1.2651388427008192,0.06847195051263268
photometrySideInIndexaB_003,1.6146424060899764,0.37552437112194115,0.3265612850648916,0.8565625164052664
photometrySideInIndexaB_004,2.07642514733274,0.6326747983547235,-0.6064088290660236,1.4980686734516275
photometrySideInIndexaB_005,1.716294768421533,0.638067870797606,-1.1797266026328015,1.5776910729903972
photometrySideInIndexaB_006,1.112690982330809,0.5243518874603591,-1.2982730187804705,1.308234171229089
photometrySideInIndexaB_007,0.8240963271557865,0.564137491089864,-0.9665745710670102,1.0634097225180168
photometrySideInIndexaB_008,0.7781273336608332,0.49305914615325336,-0.5022401023630647,0.9073882781852477
photometrySideInIndexaB_009,0.8809822755972468,0.5990886493364634,-0.14819971046057398,0.9878658955947656
photometrySideInIndexaB_010,0.775968026576005,0.5887567879104143,-0.06695872936164046,0.8171712427298926
photometrySideInIndexaB_011,0.5236751896224803,0.47213185422756687,-0.1719722827566308,0.6992848495496259
photometrySideInIndexaB_012,0.2999705283011101,0.39016318639847164,-0.22034215444084965,0.5315720043817077
photometrySideInIndexaB_013,0.1553464672186674,0.3232185892367374,-0.18510030291348123,0.3181071252269598
photometrySideInIndexaB_014,0.06592398891946744,0.17309628123584703,-0.07326098673469846,0.13186025671332555
photometrySideInIndexaB_015,0.0666595275931962,0.22391744846492012,0.08040112487356092,0.037970609841284995
photometrySideInIndexaB_016,0.03141070393809161,0.056619150906584224,0.20866900858839996,-0.04123295726108618
photometrySideInIndexaB_017,0.0004716309506558828,0.05994856581925804,0.2469494435432483,-0.06043151100284061
photometrySideInIndexaB_018,-0.0011273415835477926,0.03895208910789865,0.26760021260053946,-0.03488026045223623
photometrySideInIndexaB_019,-0.012315815816283122,0.04804598626588662,0.23818867903718008,0.02914004297851006
photometrySideInIndexaB_020,-0.03977655721096013,0.07513926421593302,0.10918176998985424,-0.01044144054381632
photometrySideInIndexab_-20,0.038577531652095334,0.04642929633879234,0.08978626674533097,-0.023305278217317846
photometrySideInIndexab_-19,0.020530138654914713,0.07333052384596679,0.14330736424610985,-0.02236155665607094
photometrySideInIndexab_-18,0.06356090879550536,-0.040926880730411494,0.1553293090282362,0.04005402323905835
photometrySideInIndexab_-17,0.14930304762612312,0.16125216907448403,0.07571345846975956,0.14937070988560033
photometrySideInIndexab_-16,0.17718814546191017,0.1569679087599491,0.05894079101139854,0.2655390216619874
photometrySideInIndexab_-15,0.29928682629469355,0.08796791092863426,0.17211295999232945,0.5184082555236998
photometrySideInIndexab_-14,0.487799614556081,0.03347457768397279,0.2105651760978664,0.7180628128074025
photometrySideInIndexab_-13,0.7275144776135409,-0.09125298108040612,0.2298740216400633,0.8327851291407103
photometrySideInIndexab_-12,0.8631187198830027,-0.08466901877701065,0.1490530635287396,1.0520493690564512
photometrySideInIndexab_-11,0.9811812103665978,-0.05547401098972724,-0.03418248337773182,1.1232367075119618
photometrySideInIndexab_-10,0.9965963321890974,0.07787749942325095,-0.2954556714171766,1.2712314302841807
photometrySideInIndexab_-09,0.9552684027183383,-0.04241055217668706,-0.5670345474825176,1.3067657927511784
photometrySideInIndexab_-08,0.9128512883702334,-0.00025483833479000574,-0.8208460667434586,1.2978644594311144
photometrySideInIndexab_-07,0.9220668832824443,0.09377143975429879,-0.897737848094654,1.3575651380944092
photometrySideInIndexab_-06,1.0176849382938316,0.09497257533456949,-0.8691261728526103,1.3439228027790067
photometrySideInIndexab_-05,1.1757840871127696,0.09945807260945319,-0.7919069865806908,1.4042360867501817
photometrySideInIndexab_-04,1.405889817987642,0.04464369316538748,-0.7079434915958028,1.5038257971504692
photometrySideInIndexab_-03,1.4438991834611652,0.1337844282665896,-0.5124806599723798,1.3815475762793115
photometrySideInIndexab_-02,1.1977965703627036,0.04133337912924869,-0.2864597951673857,1.2577713579186105
photometrySideInIndexab_-01,0.8564895710806661,0.04877471208771464,0.3097854427383298,0.9344670769291353
photometrySideInIndexab_000,0.6994408489524482,0.07486664397886243,0.7282905073222494,0.5933764785475699
photometrySideInIndexab_001,0.47014860988679713,0.008576777146965777,0.4904217461910053,0.4125529624755501
photometrySideInIndexab_002,0.26543665880941963,-0.05133246762209293,-0.2622285334275641,0.19755345483392162
photometrySideInIndexab_003,0.08555470942631774,-0.005894011919558235,-0.5975139771050936,-0.014143474130292058
photometrySideInIndexab_004,-0.07763328603242559,-0.017194393117461505,-0.6082820892189182,-0.24978380865276037
photometrySideInIndexab_005,-0.21261587008488136,-0.09584448029069235,-0.2756162384507321,-0.4387265363293068
photometrySideInIndexab_006,-0.12626351521191095,-0.19319411063421088,0.3665989272834935,-0.6412538680552173
photometrySideInIndexab_007,0.13571812625024074,-0.1521115369713811,0.9260743811386974,-0.6630346398014774
photometrySideInIndexab_008,0.2944317422805899,-0.24545925337146715,1.1300401410097565,-0.5730560709642514
photometrySideInIndexab_009,0.3232531988148598,-0.28671319584612154,1.058958547932971,-0.5756514378101831
photometrySideInIndexab_010,0.24937294542619828,-0.2586283545315337,0.8521891335183807,-0.5444040342425566
photometrySideInIndexab_011,0.23449213141624284,-0.282619058862349,0.7243055604203871,-0.5150431814852159
photometrySideInIndexab_012,0.16232867487186353,-0.30091519815453915,0.5423238286919878,-0.352532987071531
photometrySideInIndexab_013,0.1491940385530848,-0.21876968201949282,0.47735988845318733,-0.32396402935347923
photometrySideInIndexab_014,0.09884044782498648,-0.15364296393472987,0.4518779313594866,-0.256137468050598
photometrySideInIndexab_015,0.10798123947147478,-0.11384421911893294,0.40508607080996667,-0.17068305291879554
photometrySideInIndexab_016,0.022393734058528503,0.15225123873316018,0.3125766740367226,-0.1943912235161183
photometrySideInIndexab_017,-0.04374977425263086,0.03911217916636359,0.2504901518009431,-0.10732141609684778
photometrySideInIndexab_018,0.05535483158816183,0.0717372421253455,0.18358980114753903,-0.18190030819111339
photometrySideInIndexab_019,0.09541583165847638,0.029547668571375186,0.11973760116383848,-0.1389541462053719
photometrySideInIndexab_020,0.06165473306580823,0.08177553025957922,0.08083829714266604,-0.11428593804428223
photometrySideOutIndexAA_-20,0.013829384428866196,-0.02197726018196564,-0.033666251530835245,-0.005413425224073794
photometrySideOutIndexAA_-19,0.005485573662532465,-0.02466397394105445,-0.03980402414993871,-0.009495305528396693
photometrySideOutIndexAA_-18,-0.009674058282255305,-0.05603200855140367,-0.022281006852841692,0.0027834499146833815
photometrySideOutIndexAA_-17,-0.026655090165508717,-0.04324669078501989,-0.0003179406736114991,-0.005866297722351858
photometrySideOutIndexAA_-16,0.004184027543937086,-0.06298247847034745,0.003664413339027669,-0.021918164714252106
photometrySideOutIndexAA_-15,0.004394451157836073,-0.10300327605027729,0.013165495752345442,0.011632728407798849
photometrySideOutIndexAA_-14,0.03757903046253647,-0.12878765406439735,0.01090755564893069,-0.0006741859275365379
photometrySideOutIndexAA_-13,-0.0025721590589196878,-0.16437758240159372,0.0024832633961072506,-0.026457051935651763
photometrySideOutIndexAA_-12,0.025564045675610512,-0.1148319584498911,0.016492235524248167,-0.049544979801891646
photometrySideOutIndexAA_-11,-0.0022620319735109813,-0.18335581274736323,-0.01063305667181279,-0.06394034277597724
photometrySideOutIndexAA_-10,0.030201006626407255,-0.23572930131597206,0.0303414159138913,-0.0858486608265112
photometrySideOutIndexAA_-09,0.0280163694900597,-0.24003986523685164,0.022752470258979335,-0.1169062504801481
photometrySideOutIndexAA_-08,0.0284313030566073,-0.25862028737332765,0.05633645696875191,-0.15825175142404338
photometrySideOutIndexAA_-07,0.004568344501429087,-0.2941177575852296,0.05290185807718675,-0.163849195390724
photometrySideOutIndexAA_-06,-0.025827061713974347,-0.3076800761752332,0.08341804288375823,-0.19999698825091677
photometrySideOutIndexAA_-05,-0.031338554222798874,-0.3376797089666027,0.06959705608235556,-0.22202888305306706
photometrySideOutIndexAA_-04,-0.0451739429043376,-0.31135740826263925,0.08640432097022874,-0.25944758499126785
photometrySideOutIndexAA_-03,-0.045889593994823806,-0.2934149199160707,0.04975788766507551,-0.26509175010037717
photometrySideOutIndexAA_-02,-0.09638191284683914,-0.2841987739336752,-0.04312083401142593,-0.27790745812228357
photometrySideOutIndexAA_-01,-0.06978101190615521,-0.2876747160139707,-0.17396177094124748,-0.29222994206511715
photometrySideOutIndexAA_000,-0.0190122497013486,-0.2516285631690989,-0.4152660078272332,-0.20881852779909318
photometrySideOutIndexAA_001,0.08447253615866072,-0.18950024229709198,-0.5126794905397252,-0.11264094453332209
photometrySideOutIndexAA_002,0.034407138804466525,-0.1633398353173011,-0.5539923054327763,-0.09769618839951995
photometrySideOutIndexAA_003,-0.01685195069331239,-0.1637314169602369,-0.4642059504750055,-0.1015728562759458
photometrySideOutIndexAA_004,-0.06446440711168937,-0.20896071527284427,-0.38847048977299203,-0.08781649193900372
photometrySideOutIndexAA_005,-0.04542285119619233,-0.2068646707615437,-0.3597798356588487,-0.06090671151110931
photometrySideOutIndexAA_006,-0.09892203120088654,-0.2143324723268503,-0.36053386625698586,-0.05528383555179801
photometrySideOutIndexAA_007,-0.12758999973026558,-0.23557752808092564,-0.39021615490890016,-0.05437235271525813
photometrySideOutIndexAA_008,-0.16217647545689073,-0.18882743030826932,-0.4180802500329582,-0.03319055130733623
photometrySideOutIndexAA_009,-0.1586677912074729,-0.20998049355196685,-0.4347214452886774,-0.004251941141624865
photometrySideOutIndexAA_010,-0.08457424018891727,-0.1495857370844949,-0.4640663860444027,0.027876300771978037
photometrySideOutIndexAA_011,-0.045856720510726506,-0.11668965907706541,-0.5406021312780969,0.09065112370120557
photometrySideOutIndexAA_012,-0.002191496728610933,-0.0932973602278485,-0.5908831856022935,0.1154858205515469
photometrySideOutIndexAA_013,0.005972895840569127,-0.06176532690456165,-0.6625065707556635,0.17991812441046418
photometrySideOutIndexAA_014,0.01806184406286994,-0.07873272412847085,-0.7325880906914505,0.20939574310660647
photometrySideOutIndexAA_015,-0.0218463118353139,-0.07420606247253107,-0.7522139584197771,0.14523217254583645
photometrySideOutIndexAA_016,-0.07921807731241196,-0.06639304402242792,-0.7165818552301566,0.12237151449777854
photometrySideOutIndexAA_017,-0.1556893482682029,-0.03640963940068198,-0.6243358188119033,0.07271485895610312
photometrySideOutIndexAA_018,-0.1984136409897355,-0.02160004189493382,-0.5329261208984545,0.018212829968198063
photometrySideOutIndexAA_019,-0.1984972211617499,0.010464748187648741,-0.453906236338262,-0.010052721633821184
photometrySideOutIndexAA_020,-0.2007475776807235,0.008045411796978577,-0.362782858622672,-0.04558567181721641
photometrySideOutIndexAa_-20,-0.1522247083176413,-0.07622111187322378,0.03749205172970579,-0.11839574002431008
photometrySideOutIndexAa_-19,-0.14274792206625653,-0.07503052292369544,0.02150481937784443,-0.12545952445020117
photometrySideOutIndexAa_-18,-0.09212172479202503,-0.027196226956554614,0.019414177912940055,-0.12480135642512177
photometrySideOutIndexAa_-17,-0.05521393374628074,-0.0633807342118068,0.03194106998772648,-0.10380569158510575
photometrySideOutIndexAa_-16,-0.04169630730166575,-0.12137298121297395,-0.038478380380861,-0.08116144324177293
photometrySideOutIndexAa_-15,-0.043168166815752834,-0.1884647163617796,-0.0938403717569333,-0.16366986691182941
photometrySideOutIndexAa_-14,-0.052543936185472664,-0.21445390862537766,-0.04089057643451789,-0.13245328517440658
photometrySideOutIndexAa_-13,-0.1082519433128381,-0.2759945535283609,0.006252012425186046,-0.1896211662888259
photometrySideOutIndexAa_-12,-0.18150559976779712,-0.22057434586694488,0.08789376845756848,-0.27114152487802123
photometrySideOutIndexAa_-11,-0.24518429479459247,-0.18093528715885615,0.16847574070374638,-0.36821379465201576
photometrySideOutIndexAa_-10,-0.32589750250125893,-0.2519475258687061,0.243899579202918,-0.415888550279732
photometrySideOutIndexAa_-09,-0.43054965928443245,-0.2534806840924046,0.3789896962513114,-0.482925151421822
photometrySideOutIndexAa_-08,-0.43183556411964474,-0.27830978732492334,0.48512861319472056,-0.5426435572108339
photometrySideOutIndexAa_-07,-0.3457214769475701,-0.2842957901805538,0.5885703267282598,-0.5438615397803118
photometrySideOutIndexAa_-06,-0.23084978914963222,-0.4129393541078593,0.7506803696955175,-0.5267946204288446
photometrySideOutIndexAa_-05,-0.2229732422565649,-0.4237914112819018,0.779009479876859,-0.542525747008123
photometrySideOutIndexAa_-04,-0.23388330119741588,-0.36373704509217486,0.7186105506920223,-0.5876598614244023
photometrySideOutIndexAa_-03,-0.24085685644411978,-0.4417277081409174,0.5542190496216298,-0.6928245127469497
photometrySideOutIndexAa_-02,-0.13516822932876238,-0.42752908947308976,0.38730724281446033,-0.6157535460389671
photometrySideOutIndexAa_-01,-0.06938083994119024,-0.3824213847243854,-0.03468058571305319,-0.5329523308261023
photometrySideOutIndexAa_000,-0.07774467638197938,-0.3729415108460935,-0.7293344526506733,-0.45099070537199504
photometrySideOutIndexAa_001,-0.00345284816811902,-0.23235040820060532,-1.0377045578717279,-0.38786802257759123
photometrySideOutIndexAa_002,0.2094872871744278,-0.21790367100891608,-0.7888833910239991,-0.2968677171095969
photometrySideOutIndexAa_003,0.49355521631206656,-0.30135559565191977,-0.288430738671994,-0.1589498633958975
photometrySideOutIndexAa_004,0.5954588142057481,-0.19315690913076874,0.043032280620047395,0.028900873159374067
photometrySideOutIndexAa_005,0.5436097453852776,-0.12095447562378939,0.2131644980148388,0.12639842328944098
photometrySideOutIndexAa_006,0.48727704023496093,-0.16230768263895687,0.23361424027240102,0.18711361363019852
photometrySideOutIndexAa_007,0.41138434162920257,-0.10460886376390591,0.21630286362212328,0.3024559269966295
photometrySideOutIndexAa_008,0.3065389071018388,-0.0975706201738814,0.1723072398049755,0.3760394973521445
photometrySideOutIndexAa_009,0.2281496254786785,-0.07494955597231463,0.037457250907801436,0.2860800946442599
photometrySideOutIndexAa_010,0.12849406595300678,0.05461537899267939,-0.05693850126264678,0.297087368665959
photometrySideOutIndexAa_011,0.11513349970110917,0.06160801167075296,-0.14443352114643074,0.25879822222611437
photometrySideOutIndexAa_012,0.13541832851913294,0.06383982412317016,-0.20312534027612023,0.31131816661962336
photometrySideOutIndexAa_013,0.11034238472253731,0.043530528238318586,-0.26641777805181033,0.2664247463053541
photometrySideOutIndexAa_014,0.04759580601973562,0.0907409973892417,-0.3787793915746994,0.2383730870399369
photometrySideOutIndexAa_015,-0.013346980120991843,0.016605996529200653,-0.42370569472761094,0.17691566139462547
photometrySideOutIndexAa_016,-0.08289170844265992,0.009816262528462197,-0.34572548858541907,0.1931610877790987
photometrySideOutIndexAa_017,-0.12268833737871969,0.06085186225964899,-0.3003139469968858,0.026295736980916726
photometrySideOutIndexAa_018,-0.11853182137771179,0.09122577171864245,-0.17930846773924994,0.03471085106478018
photometrySideOutIndexAa_019,-0.05615208332642034,0.004089720395732743,-0.05429601007342347,0.024961478816418463
photometrySideOutIndexAa_020,0.0378382154829052,-0.03756957484930845,0.0027218384923396663,0.07121307828233406
photometrySideOutIndexaA_-20,-0.06182708696016005,-0.03550218843762641,0.001728754492268749,0.09466983937467108
photometrySideOutIndexaA_-19,-0.04175444563629998,0.016825472732947454,0.02522988209888389,0.04860526896424367
photometrySideOutIndexaA_-18,-0.04049659577219773,0.022506791806078716,0.02664604376476505,0.039867338202304876
photometrySideOutIndexaA_-17,-0.1302065174862661,-0.051783631679784656,0.01948659277132371,0.04391576915681548
photometrySideOutIndexaA_-16,-0.06791826397590896,-0.10969800921238343,0.05391864146230562,0.03604682568680338
photometrySideOutIndexaA_-15,-0.036787690041063754,-0.06329393544706186,0.0440485296585396,0.043481515321316756
photometrySideOutIndexaA_-14,0.0018370623169211568,-0.1560886693695323,0.06995832833045487,0.00705326698420029
photometrySideOutIndexaA_-13,0.013384673940231928,-0.03455564428698056,0.07590965527099036,0.058682709344223156
photometrySideOutIndexaA_-12,0.0465799647550171,-0.16640330818587726,0.08420054928604698,0.0039054338598011424
photometrySideOutIndexaA_-11,0.05955294686479072,-0.17013904975292277,0.10345570475999959,0.005052155369071437
photometrySideOutIndexaA_-10,0.09552189047083103,-0.2071009106128459,0.05957384831442909,0.0087996214793114
photometrySideOutIndexaA_-09,0.11704002231981268,-0.1343616234992974,-0.03254701839304126,0.04394250794568066
photometrySideOutIndexaA_-08,0.09942365949217699,-0.13257854156131443,-0.03270017962508213,-0.03373336012390233
photometrySideOutIndexaA_-07,0.06258573896547825,-0.23053123403545184,0.009427500095044975,-0.07464494246310463
photometrySideOutIndexaA_-06,0.048279995156780935,-0.25867769904964844,0.05465280321226956,-0.11007237119344225
photometrySideOutIndexaA_-05,0.02258260047017158,-0.26819927754589384,0.1045393375640959,-0.0848540898311118
photometrySideOutIndexaA_-04,0.04709189643807846,-0.41372212517554463,0.08469199220443602,-0.10577136190166658
photometrySideOutIndexaA_-03,0.019948211264067033,-0.2509746064242665,0.06602668914906862,-0.19250488159438545
photometrySideOutIndexaA_-02,-0.022199100643574454,-0.24723022813333817,-0.07837283696462012,-0.24381389137297327
photometrySideOutIndexaA_-01,0.0031813528476713885,-0.26513805552256764,-0.13709372380436285,-0.1589318569094509
photometrySideOutIndexaA_000,0.07291908836854581,-0.23893109938360588,-0.3632029937478123,-0.09252732675023914
photometrySideOutIndexaA_001,0.10872345568971026,-0.1541744470459744,-0.5461836630954665,-0.0712021849428753
photometrySideOutIndexaA_002,0.04149306532246173,-0.11545905194591283,-0.5672307852222259,-0.013350327365125167
photometrySideOutIndexaA_003,-0.006046169484211619,-0.16415680753132056,-0.48793343593813626,0.015031085016391386
photometrySideOutIndexaA_004,0.002400668762959561,-0.19003650480879278,-0.42861425387647917,0.010471673226365209
photometrySideOutIndexaA_005,0.015721040505178377,-0.1695892375542384,-0.353297974067519,0.005268443324956623
photometrySideOutIndexaA_006,-0.07108981652129995,-0.11843017451394786,-0.3948172997928951,0.05574639752450386
photometrySideOutIndexaA_007,-0.11159291435783457,-0.1409285258845472,-0.4106734519128564,0.048342033674283365
photometrySideOutIndexaA_008,-0.11116747100425506,-0.09876077897086624,-0.4546311860326397,0.14689415696240987
photometrySideOutIndexaA_009,-0.08267323241818153,-0.11834312794721716,-0.45488749464665323,0.13834984076052856
photometrySideOutIndexaA_010,-0.021645023302399934,-0.1544743276911836,-0.4369563365734254,0.1866911264665517
photometrySideOutIndexaA_011,0.034553880686636465,-0.07823953655246364,-0.47918397732179624,0.32180619904293684
photometrySideOutIndexaA_012,-0.002495359167443749,0.04907389615681986,-0.5470225183880355,0.28822067940094487
photometrySideOutIndexaA_013,-0.050970135500826845,0.06268280991475639,-0.6423602287676576,0.3054241706372698
photometrySideOutIndexaA_014,-0.07807781170885215,0.10054990003794716,-0.6826348218736333,0.27698241803380264
photometrySideOutIndexaA_015,-0.12447142464445447,0.11456064496216475,-0.6558392767897686,0.18906154566168407
photometrySideOutIndexaA_016,-0.13894527761144335,0.14304223381520245,-0.6058339662116526,0.19715640583443453
photometrySideOutIndexaA_017,-0.11691580511456251,0.07053199058868356,-0.45896922240125654,0.11349715482440331
photometrySideOutIndexaA_018,-0.11760587055743509,0.06945990149141304,-0.38696661802752524,0.09952544410782681
photometrySideOutIndexaA_019,-0.14570777391174128,0.07208843246096948,-0.25370392449620094,0.040129683727055845
photometrySideOutIndexaA_020,-0.22367626700816362,-0.04587164813269719,-0.1229706023140798,0.031111400262259937
photometrySideOutIndexaa_-20,-0.08165529384057599,0.04450920375951348,-0.09305775433005964,0.05577090242094004
photometrySideOutIndexaa_-19,-0.12420145965286399,0.09236837246932092,-0.147873469615824,0.00883291976098549
photometrySideOutIndexaa_-18,-0.18617727113286311,0.04302432196615205,-0.16379086299202633,0.09666537558813537
photometrySideOutIndexaa_-17,-0.22932765269645297,0.04895288377801349,-0.19814814156542973,0.06779685289623287
photometrySideOutIndexaa_-16,-0.28239954080559154,0.07893910647790678,-0.22607394242581338,0.05326495179764946
photometrySideOutIndexaa_-15,-0.32053139855638196,0.021291600797950637,-0.26356673900742933,0.03032926007942287
photometrySideOutIndexaa_-14,-0.3861599872582121,0.013953817275577048,-0.27532097244292375,0.04808132539806753
photometrySideOutIndexaa_-13,-0.48194739300864803,-0.09342689320714924,-0.24220554985265952,-0.08022893759671915
photometrySideOutIndexaa_-12,-0.523807492329327,0.012965231992825104,-0.22512982779610083,-0.13529102366190995
photometrySideOutIndexaa_-11,-0.5794608049820535,-0.0699515620151644,-0.1590706234475145,-0.17214225507073938
photometrySideOutIndexaa_-10,-0.59521223593874,-0.09598997783159713,-0.0940040431023214,-0.20658210367835064
photometrySideOutIndexaa_-09,-0.6652587880146232,-0.03608383158828858,-0.10987822116373919,-0.2118816351275956
photometrySideOutIndexaa_-08,-0.6870539202359518,0.011853561301881194,-0.05917353183243391,-0.1551067526782012
photometrySideOutIndexaa_-07,-0.6019098248202309,0.06395526608731415,-0.017058310476304253,-0.16411588698054663
photometrySideOutIndexaa_-06,-0.41329528542855987,0.1282363685925942,0.01803388097640047,-0.030580661831803
photometrySideOutIndexaa_-05,-0.2718082906197462,0.19286572632297347,0.15711603308520847,0.007057339475319139
photometrySideOutIndexaa_-04,-0.1719715128534645,0.1840259285303209,0.1876447527187082,-0.01214532065695215
photometrySideOutIndexaa_-03,-0.2892213475995507,0.09122560074144745,0.04301784862131151,-0.05062536252629721
photometrySideOutIndexaa_-02,-0.4551403772617356,0.14740969051069386,-0.11493812136402046,-0.15199652495919205
photometrySideOutIndexaa_-01,-0.6679655551914329,0.2149046311151925,-0.5118001317449123,-0.16976425286366478
photometrySideOutIndexaa_000,-0.8765897409874648,0.25974244438135974,-1.0807333895951596,-0.17725014980708967
photometrySideOutIndexaa_001,-0.9346533763657765,0.2450048829005646,-1.4159090064479505,-0.29368649151441384
photometrySideOutIndexaa_002,-0.7299416881241629,0.29080824466979427,-1.238566837918278,-0.3132929101533857
photometrySideOutIndexaa_003,-0.40378122406089806,0.2558712500769911,-0.7461158132468781,-0.2136801058080323
photometrySideOutIndexaa_004,-0.17007028892278173,0.22934719039847196,-0.3251339444691318,-0.09958605856071848
photometrySideOutIndexaa_005,-0.034787512653412136,0.17844520245826664,-0.1608311037436894,-0.059575542306293826
photometrySideOutIndexaa_006,-0.079491975043914,0.10814223212433623,-0.10721143560387132,-0.12250967514965293
photometrySideOutIndexaa_007,-0.1289108827924736,0.039619946925085636,-0.15644982160455786,-0.08773820545412489
photometrySideOutIndexaa_008,-0.17007412746775025,0.02551090883683866,-0.19416313342569255,-0.10826303788676372
photometrySideOutIndexaa_009,-0.2079875227416257,-0.07330588642885028,-0.26410438726527785,-0.17803034640928098
photometrySideOutIndexaa_010,-0.18060194206672417,-0.22018342281005124,-0.25693365458385176,-0.1848841847920094
photometrySideOutIndexaa_011,-0.15560385958942594,-0.1724815028861138,-0.21244342468487307,-0.06203510244368002
photometrySideOutIndexaa_012,-0.06489645403992109,-0.022527792606264904,-0.2073187896332649,-0.0069112759920263046
photometrySideOutIndexaa_013,-0.008403020170690091,-0.10883048098400239,-0.19278479440639396,0.0653685896670411
photometrySideOutIndexaa_014,-0.0005907416161231941,-0.03984809718727953,-0.24433601641653813,0.08771105836283642
photometrySideOutIndexaa_015,-0.03946973563709149,-0.017473485983614482,-0.21441874309454673,0.10943772864372686
photometrySideOutIndexaa_016,-0.05272523801470161,-0.005706672967729926,-0.19741025340157256,0.034548070078128684
photometrySideOutIndexaa_017,-0.09175348021801621,-0.009386013373669844,-0.12768692729891762,-0.06799087228660539
photometrySideOutIndexaa_018,-0.1299252863024071,0.05355899558247072,-0.002842768793060812,-0.13882146631225173
photometrySideOutIndexaa_019,-0.1193975587495944,0.15155434306095733,0.09121584151500543,-0.1467517288116701
photometrySideOutIndexaa_020,-0.019641574992893582,0.03260467924102787,0.16868061504733514,-0.13089060939294533
photometrySideOutIndexAB_-20,0.08541276726557334,0.1393121318229724,-0.11922640472399505,0.08639513077280205
photometrySideOutIndexAB_-19,0.09170357304261556,-0.21678801929888522,-0.09055276802546763,-0.10272444495671086
photometrySideOutIndexAB_-18,-0.013512595302249738,0.031968963930991454,-0.018362198669277668,0.023685276901045414
photometrySideOutIndexAB_-17,0.036458505058126395,0.026536368326854968,-0.13628641697319085,0.158142913512377
photometrySideOutIndexAB_-16,-0.04932475286877266,-0.08888327437601033,-0.17408841185931442,0.13071651080752877
photometrySideOutIndexAB_-15,0.08454854006849159,-0.12856058707713136,-0.0010251216611918395,0.19383127138946374
photometrySideOutIndexAB_-14,0.13271723968660248,0.05529100786223019,0.14630314114382548,-0.08884749811076803
photometrySideOutIndexAB_-13,0.07956366742500313,-0.1968817344410798,0.11461234563410812,0.005681560572195565
photometrySideOutIndexAB_-12,0.10616483901710835,0.0036554893654133047,0.16059367177766398,0.06521411140079635
photometrySideOutIndexAB_-11,-0.04211635971177426,-0.07819773137354623,0.01302235271394238,-0.10200414639616467
photometrySideOutIndexAB_-10,-0.10384932050060627,-0.13941449219886953,0.11770039454771608,-0.08109262713470065
photometrySideOutIndexAB_-09,0.0012371457851873878,-0.00442064739800512,0.08539439075768468,0.02201401453929603
photometrySideOutIndexAB_-08,0.14436373530247665,-0.10758783566736052,0.05517012658931694,0.009569494399548292
photometrySideOutIndexAB_-07,0.11812654479930171,-0.16908662998108392,0.07398373296142524,0.14990037939289216
photometrySideOutIndexAB_-06,0.15784110436356624,-0.0677812573588047,-0.03166774963099272,-0.028691056282329847
photometrySideOutIndexAB_-05,0.11809572740971726,-0.32471440903715293,-0.11568964932143859,0.0068690007948884885
photometrySideOutIndexAB_-04,-0.06699213514446938,-0.1940598712863189,-0.13862355604214296,-0.059245531552177766
photometrySideOutIndexAB_-03,-0.11778671408091514,-0.571051558511514,-0.017834957459433025,-0.0848996740394609
photometrySideOutIndexAB_-02,-0.20206538324289847,0.033569207286986806,-0.02704664598466603,-0.006955109964160198
photometrySideOutIndexAB_-01,-0.020474748573055996,-0.3820327031346416,-0.0756009502827118,-0.052616853823756894
photometrySideOutIndexAB_000,0.03152858860558669,-0.0063629146987366015,-0.24877409209091852,-0.10409013437354385
photometrySideOutIndexAB_001,0.007384897803501933,-0.21285311985690644,-0.5615361257194247,0.16148830672503842
photometrySideOutIndexAB_002,-0.011893932411785782,-0.3241151269955834,-0.6460213864793454,-0.05559792515542451
photometrySideOutIndexAB_003,0.06974694943851836,-0.34909230673463926,-0.6480120731859044,-0.030469727719694095
photometrySideOutIndexAB_004,0.011270421955910616,0.04023571703136731,-0.5682530450301876,-0.024020189406080486
photometrySideOutIndexAB_005,0.073860426159696,-0.21438252986908982,-0.48711700771390404,-0.14480128587414587
photometrySideOutIndexAB_006,-0.04380938337502374,-0.2196307848697644,-0.5020693843770125,0.0494887938628368
photometrySideOutIndexAB_007,-0.09823457968323372,-0.0017990253850737369,-0.5757891632800549,-0.05980652291029049
photometrySideOutIndexAB_008,-0.20438878713249076,0.05245870017195034,-0.4055144197674401,-0.06223287705222209
photometrySideOutIndexAB_009,-0.2838669083030941,-0.12768911790175405,-0.44144436682050353,0.2272463600378143
photometrySideOutIndexAB_010,-0.20587357662580189,0.015778310528344677,-0.4104715112676278,0.2029480232197322
photometrySideOutIndexAB_011,-0.11721277073870381,0.06163701855127739,-0.4180588043369917,0.21291000009372155
photometrySideOutIndexAB_012,-0.049086440258054025,0.2725884058877194,-0.48417137944130956,0.3063285630736112
photometrySideOutIndexAB_013,-0.06798290318126862,-0.09169194187269394,-0.49569192102744,0.35890969776327875
photometrySideOutIndexAB_014,-0.14868488067625166,-0.17284278603613765,-0.5865752831032479,0.4030523560447537
photometrySideOutIndexAB_015,-0.0745124051194182,-0.048229314597000084,-0.5723119701984486,0.4185001134906314
photometrySideOutIndexAB_016,-0.04446344807036802,-0.03910569839566823,-0.5775024946759542,0.32285345995651593
photometrySideOutIndexAB_017,-0.018431859095268257,0.20981285781433984,-0.6381322125386338,0.29700835154956196
photometrySideOutIndexAB_018,-0.05234229403594301,0.0600605391069369,-0.6349100110691063,0.4707898774287975
photometrySideOutIndexAB_019,-0.13259621342167452,-0.12230561695705805,-0.6441224875232286,0.2528330498868016
photometrySideOutIndexAB_020,-0.1675379535258913,-0.03168972567566922,-0.4228507837244993,0.2880290888852881
photometrySideOutIndexAb_-20,-0.0740823247336787,0.2294815403280327,0.030258111067541695,-0.06331171483566111
photometrySideOutIndexAb_-19,-0.2201169719948152,0.1126282691183995,0.09067185796088505,-0.14420012189867248
photometrySideOutIndexAb_-18,-0.3283687393847401,0.1087983962770283,0.032995182913883654,-0.12645403783822537
photometrySideOutIndexAb_-17,-0.3779234338180165,-0.0037575475130846013,-0.0462160403467603,-0.2381742496784197
photometrySideOutIndexAb_-16,-0.4752078235104373,0.06144932573815755,-0.14360188147982786,-0.30800179052452886
photometrySideOutIndexAb_-15,-0.48723758130681516,-0.03564306119162837,-0.12434282343341584,-0.39319177713689857
photometrySideOutIndexAb_-14,-0.5402614860663901,0.0024977494032163796,-0.09302473518857561,-0.3834288941551727
photometrySideOutIndexAb_-13,-0.7117596877067459,0.10572507589130047,0.03908914855648067,-0.40850878773518323
photometrySideOutIndexAb_-12,-0.7876339429156027,0.17793208065138202,0.2113016223358644,-0.4489281825766696
photometrySideOutIndexAb_-11,-0.87112762321951,0.24912029364442523,0.24526306900495604,-0.38436630863689364
photometrySideOutIndexAb_-10,-0.9830355767792939,0.22281505614627226,0.3038334740729902,-0.3260023652986265
photometrySideOutIndexAb_-09,-0.9892466427792834,0.3313690180795221,0.2737096252717412,-0.35093498438286724
photometrySideOutIndexAb_-08,-0.9096822253045072,0.5475187849572659,0.280949499990443,-0.3000000690993255
photometrySideOutIndexAb_-07,-0.7935359055516089,0.47548277315518,0.2431522592409189,-0.3443902831628452
photometrySideOutIndexAb_-06,-0.6776078554949846,0.6064297418695117,0.12333774264184127,-0.28190270280754604
photometrySideOutIndexAb_-05,-0.5685436924134551,0.3724413651751809,0.08908039260505797,-0.2963253182278306
photometrySideOutIndexAb_-04,-0.4097403294927451,0.4014435687893021,0.05903249772700702,-0.28756695160409607
photometrySideOutIndexAb_-03,-0.3455105418546257,0.2648571945334917,-0.04575784326394211,-0.3920489339200681
photometrySideOutIndexAb_-02,-0.3685815312805602,0.17478251870045547,-0.23312121450275333,-0.3303164880853447
photometrySideOutIndexAb_-01,-0.5898659399416443,0.09213684945996485,-0.642948505791841,-0.31481556947060374
photometrySideOutIndexAb_000,-0.8855760366008542,0.05619173192731984,-1.147157084994676,-0.3293102700925154
photometrySideOutIndexAb_001,-1.0103141536567912,0.06562116235833002,-1.4777213090516854,-0.4135200158891276
photometrySideOutIndexAb_002,-0.8917924621312039,0.002521902989097691,-1.2464346781155828,-0.5146849903801269
photometrySideOutIndexAb_003,-0.646444683506577,0.03525472550739999,-0.5132823016539846,-0.3530867516857272
photometrySideOutIndexAb_004,-0.376745555441819,-0.03722360882762586,0.0027630621856907806,-0.2565275778163936
photometrySideOutIndexAb_005,-0.21406962677450356,0.0038914136878241056,0.15604945522085173,-0.1449516863434234
photometrySideOutIndexAb_006,-0.23718457410946606,-0.05417586962039687,0.2494055870995914,-0.1195005523770984
photometrySideOutIndexAb_007,-0.2714134508285243,-0.009534327201198482,0.2118560887864923,-0.12299502102675515
photometrySideOutIndexAb_008,-0.2652841130661796,-0.11763770467755016,0.0559563820845367,-0.046592783660752035
photometrySideOutIndexAb_009,-0.2500737431132374,-0.22711198653281536,0.03263296309676719,-0.04085829863587883
photometrySideOutIndexAb_010,-0.1659802165921953,-0.25185999346592347,-0.07964692704965969,0.0023687560638213515
photometrySideOutIndexAb_011,-0.029900966525344245,-0.13460178654162905,-0.217366200712859,0.056549931067611275
photometrySideOutIndexAb_012,0.019844093915160316,-0.00740483684275949,-0.28095142444775684,0.12685728602833946
photometrySideOutIndexAb_013,0.0839807955427474,-0.1196166329083565,-0.30398391530957297,0.11281602377232679
photometrySideOutIndexAb_014,0.06680737982486183,-0.17131994908151946,-0.349089340767112,0.12081295209329142
photometrySideOutIndexAb_015,-0.028183377108743617,-0.043061265744116874,-0.3762137059006614,0.03173315106140297
photometrySideOutIndexAb_016,-0.08338660473196216,-0.11106367652768612,-0.32886707557540673,-0.013594813542954845
photometrySideOutIndexAb_017,-0.06868724905628615,-0.02480239707522795,-0.27949076045981197,0.06211755053592974
photometrySideOutIndexAb_018,-0.04707571599560834,0.0832793979187608,-0.2258003637545325,-0.034940053646239935
photometrySideOutIndexAb_019,-0.05067851368901088,0.027949354036169573,-0.06193009325951187,0.0013079596070668521
photometrySideOutIndexAb_020,-0.004123083132593764,-0.1654597307441466,-0.011727216800677407,-0.06385422811605798
photometrySideOutIndexaB_-20,-0.08934563957386277,0.11969030403180683,-0.06190736095485296,0.13073173145976535
photometrySideOutIndexaB_-19,-0.07696882222723635,0.171290094517509,-0.062222362781009635,0.10251688425028646
photometrySideOutIndexaB_-18,-0.05175906208877338,0.12476411361394275,-0.08685611831973965,0.054792063421218215
photometrySideOutIndexaB_-17,-0.08691627825843917,0.03290183974860516,-0.02922727634889402,0.12126465838943955
photometrySideOutIndexaB_-16,-0.044558920103870914,-0.008372404322074867,-0.015156026448935767,0.11254176848663239
photometrySideOutIndexaB_-15,-0.010540542743393564,-0.06555643696332056,0.0028566572857665227,0.08754770996031032
photometrySideOutIndexaB_-14,0.025739165672148925,-0.080300862286089,0.07725367710373277,0.052161939807604245
photometrySideOutIndexaB_-13,0.01825167610352918,-0.12757957396131958,0.0503450204522743,0.06706029297253586
photometrySideOutIndexaB_-12,0.07242114201632559,-0.08461818022760838,0.030232945588943783,0.1201793104624701
photometrySideOutIndexaB_-11,0.10118862734782666,-0.06396322087796026,0.018301881428147024,0.06161697883777538
photometrySideOutIndexaB_-10,0.07359390188984373,-0.08721026629709669,-0.015172339770523485,0.03979893984572213
photometrySideOutIndexaB_-09,0.06080201276268172,-0.12161642948218125,0.012308369998389496,-0.0264467918749704
photometrySideOutIndexaB_-08,0.000962001839130704,-0.2809051933004972,-0.037418232340908936,-0.05562512706945742
photometrySideOutIndexaB_-07,0.04910001328799129,-0.2746888877814714,0.009262300146707831,0.015212425915928505
photometrySideOutIndexaB_-06,-0.0008263044015364345,-0.1879301971734771,0.04730170864827636,-0.0433585978647361
photometrySideOutIndexaB_-05,0.016078842514566944,-0.2529899200471206,0.045080964524852614,-0.04603889872901564
photometrySideOutIndexaB_-04,0.006821581666269377,-0.18453211291585375,0.0732588224164325,-0.04597071775219474
photometrySideOutIndexaB_-03,0.04869479263123896,-0.25672653819574337,0.03690468849671727,-0.05470645209049777
photometrySideOutIndexaB_-02,0.020667150189947303,-0.29257572749553395,-0.04086812192999241,-0.126533036151404
photometrySideOutIndexaB_-01,0.030402580856597253,-0.18840180660611494,-0.16208614708664562,-0.07343319443811062
photometrySideOutIndexaB_000,0.025699877779560676,-0.09984209351877689,-0.4455047142576656,-0.07316445334511941
photometrySideOutIndexaB_001,0.006438341647743312,-0.16044206624926813,-0.6359636424449476,0.021654886100305335
photometrySideOutIndexaB_002,-0.11590748439155717,-0.11975471600195314,-0.7170022897394581,0.054991394222050065
photometrySideOutIndexaB_003,-0.17400537819981035,-0.058844839960279734,-0.5986563049583731,0.02209967692970638
photometrySideOutIndexaB_004,-0.06931374515755546,-0.1477234751478977,-0.42407502386863033,0.024034380377120416
photometrySideOutIndexaB_005,-0.05525929149465285,-0.11877593094909743,-0.3492026059061776,-0.004238375730529093
photometrySideOutIndexaB_006,-0.09148489491634608,-0.1568788019285483,-0.3189780509658951,0.052180822250852875
photometrySideOutIndexaB_007,-0.10169581124727656,-0.08587767271654831,-0.2645672233867513,0.09085893470297293
photometrySideOutIndexaB_008,-0.15208108620260538,-0.11779933329015327,-0.26697417983655825,0.10042018243765191
photometrySideOutIndexaB_009,-0.10522925582797131,-0.10906038030753637,-0.27843145590358076,0.13145778753616708
photometrySideOutIndexaB_010,-0.02504408183411818,-0.01676752080754478,-0.2791236501375302,0.17931256110179855
photometrySideOutIndexaB_011,0.048180760437810735,-0.06966204915259566,-0.348728537526532,0.23300586831570905
photometrySideOutIndexaB_012,0.07868141002567765,0.018543658580904347,-0.4111738556738811,0.2465147236030271
photometrySideOutIndexaB_013,0.06721351614322794,0.05481845868440773,-0.48682409578903646,0.31303325595823284
photometrySideOutIndexaB_014,0.0873915049088877,0.11052179194474442,-0.5231415135838956,0.3301292768510832
photometrySideOutIndexaB_015,0.05821105662564016,0.07388364423429714,-0.5489867313406585,0.33735532609756985
photometrySideOutIndexaB_016,0.019262122239678867,0.06678441289078477,-0.5159465793345511,0.3956994619150021
photometrySideOutIndexaB_017,-0.0036836522352545493,0.04632936756737176,-0.47127439169640495,0.26979286136132213
photometrySideOutIndexaB_018,-0.032411249812691584,0.08075797608519934,-0.3382025777754977,0.2269131579776779
photometrySideOutIndexaB_019,-0.03456052955315345,0.07637943139311927,-0.2415979629406505,0.17477856495583882
photometrySideOutIndexaB_020,-0.0003619091001033853,0.08053557529259715,-0.14819398452115498,0.2006041139340671
photometrySideOutIndexab_-20,0.10221277569781868,-0.03232519796181619,0.013689278021038533,-0.05420994794394347
photometrySideOutIndexab_-19,0.065114338889212,-0.012691557884448278,-0.0007506771670917504,-0.13407807494307888
photometrySideOutIndexab_-18,-0.016137507341955622,0.11518060929982989,-0.09202944831236448,-0.1949920222260545
photometrySideOutIndexab_-17,-0.10276456689688844,0.1389027021933935,-0.16615614749036128,-0.23396462444817456
photometrySideOutIndexab_-16,-0.1289710950565147,0.23462522172499123,-0.07267800163445699,-0.2767971110164851
photometrySideOutIndexab_-15,-0.17938864118400424,0.13817097781178145,-0.026536936728501215,-0.24525414264458967
photometrySideOutIndexab_-14,-0.24553454948260126,0.14124510020391123,0.019962422504528027,-0.26968863766174317
photometrySideOutIndexab_-13,-0.4328919799468253,0.23087280585404096,0.14015415245860843,-0.422391017111733
photometrySideOutIndexab_-12,-0.5944255584122209,0.1259739424816429,0.20032911622645047,-0.43438212718900754
photometrySideOutIndexab_-11,-0.7086595987158012,0.22535903749069275,0.23317954834129567,-0.5468289379571422
photometrySideOutIndexab_-10,-0.772717591885052,0.08072663990892945,0.24719050222156355,-0.6401051029675611
photometrySideOutIndexab_-09,-0.8910136457809326,0.17997123974711673,0.17776318734021687,-0.5530572076511692
photometrySideOutIndexab_-08,-0.9420601662651116,0.25574783435018916,0.0982887021755052,-0.5912445227735691
photometrySideOutIndexab_-07,-0.9475338317366869,0.22895381838720724,0.1685866724521769,-0.5203657990793621
photometrySideOutIndexab_-06,-0.8346278308280706,0.056000436644152586,0.2474946182973831,-0.5705441501355663
photometrySideOutIndexab_-05,-0.7693855127655266,0.12439035854814395,0.30249330693403587,-0.572567785700921
photometrySideOutIndexab_-04,-0.6714969642744436,0.1740564377937177,0.3783664661451433,-0.5805700636965909
photometrySideOutIndexab_-03,-0.5604539381946436,0.0344183602002577,0.409118486758975,-0.5627358166301887
photometrySideOutIndexab_-02,-0.5514116118788607,0.14801601241531215,0.34733680736828704,-0.4935443278981523
photometrySideOutIndexab_-01,-0.5830337376153518,0.09390698321601737,0.08607799429249251,-0.39006805675776846
photometrySideOutIndexab_000,-0.6497579189163296,0.03945866209553089,-0.4632721611142053,-0.34712710460185786
photometrySideOutIndexab_001,-0.7068773368377427,0.1437693008132886,-0.8522550271241479,-0.30488037595862766
photometrySideOutIndexab_002,-0.6542963873435338,0.08826888637436726,-0.9334698351733117,-0.17034776634207574
photometrySideOutIndexab_003,-0.45883230152532994,0.10433060727693937,-0.6928981940761288,-0.08208685410432817
photometrySideOutIndexab_004,-0.273204535592147,0.15695228807885334,-0.5489746764674023,-0.029517766153075047
photometrySideOutIndexab_005,-0.20097071873050934,0.058571464352143596,-0.4260494442249876,0.02874806539824407
photometrySideOutIndexab_006,-0.2515626223582297,0.11246847597015852,-0.31886805029183113,0.059116604487162557
photometrySideOutIndexab_007,-0.28339532835479664,0.13696321598215017,-0.2693279011028571,0.08241314901570626
photometrySideOutIndexab_008,-0.29785063793864824,0.13384094443062072,-0.2732132081476934,0.08741553190447408
photometrySideOutIndexab_009,-0.30107751145442346,0.1954119708956837,-0.2992959789291004,0.07584198505762547
photometrySideOutIndexab_010,-0.27119830405346823,0.07844487742517411,-0.3096965126461258,0.026188651051179315
photometrySideOutIndexab_011,-0.18425338840877684,0.08968070689623109,-0.3115691700668474,0.0660788541468087
photometrySideOutIndexab_012,-0.1364336711504086,0.1424787171774357,-0.3299545212194451,0.09168574220190605
photometrySideOutIndexab_013,0.0063380917377880725,0.04677987572514303,-0.293857493084995,0.1556695569644174
photometrySideOutIndexab_014,0.030480194181677082,0.01571374839154131,-0.27131300879318876,0.13163759746895293
photometrySideOutIndexab_015,-0.07547812088257279,0.04698475440914555,-0.2601663646239462,0.2070563957024478
photometrySideOutIndexab_016,-0.11338302434044156,0.07214116641620974,-0.28159853794930756,0.18858756135892907
photometrySideOutIndexab_017,-0.13771386037206929,0.09454813428900298,-0.182328834842259,0.07577837793600645
photometrySideOutIndexab_018,-0.15427672043078464,0.17430056990099804,-0.14597328257194378,0.038067711220706416
photometrySideOutIndexab_019,-0.10776314837921351,0.10896942484675222,-0.06279145360794773,-0.0020029633317268924
photometrySideOutIndexab_020,-0.08949020646791031,0.14286859809474126,0.02139135871719069,0.025485818981230295
sl_-20,0.0008587445122045234,-0.0193569659314905,0.030213387493106786,0.0216197323619602
sl_-19,0.0024887505038957147,-0.03222028505800767,0.05015819339381601,0.035242126905778895
sl_-18,0.006588399627435404,-0.040766142854236125,0.03636410967511376,0.02183546209238825
sl_-17,0.016759078275470685,-0.04742118171810322,0.02853441530596887,0.008835697720105645
sl_-16,0.045406734227961376,-0.06629394049554338,0.035505120957425744,0.012941987492512227
sl_-15,0.08091468033164315,-0.07341441770915483,0.0531448920900649,0.007896492775275404
sl_-14,0.09853752615517636,-0.055347604096628894,0.07193876231127687,0.012294439977839203
sl_-13,0.10704260275830643,-0.055866686278221445,0.07482632713329179,0.02699229859514203
sl_-12,0.09835024440439495,-0.049253584361055064,0.08572596686570538,0.02086176384292704
sl_-11,0.08471070658528806,-0.028940725051030514,0.07751858036370066,0.00037610676031976653
sl_-10,0.05305311371641404,-0.046533722927986826,0.059095980266777925,-0.014887515405495128
sl_-09,0.03035995839359018,-0.05148665684044501,0.042239856377417395,-0.020257316443543283
sl_-08,-0.013363814217938481,-0.057792198978162845,0.01603573488016974,-0.04640248701272674
sl_-07,-0.052853761644457875,-0.07149148595284817,0.024790125622331016,-0.057874274150815835
sl_-06,-0.08614935663849893,-0.06302565747713818,0.02542934853252135,-0.07233988933036423
sl_-05,-0.09671754493848578,-0.06413115554976256,0.05933714921131411,-0.08877689717283843
sl_-04,-0.033502783818402895,-0.04131158354866957,0.11129755206264594,-0.0619305975523111
sl_-03,0.03313504304969845,0.0024850584866436265,0.1538976905678177,-0.025455992785036553
sl_-02,0.15920201104360668,0.045475972961561195,0.2403679983851983,0.042478882361847436
sl_-01,0.1463084150443233,0.08268455549474624,0.19428635298788444,0.11396267830889567
sl_000,0.13709055472527168,0.11794753850835066,0.20034023923696442,0.1935874498414737
sl_001,-0.008680731378204798,0.10797104700571758,-0.041705108078033126,0.18993752978797956
sl_002,-0.13765570049125891,0.08477032798567843,-0.17449109624412829,0.1591548254909692
sl_003,-0.26195909503227927,0.04407291236927635,-0.2651382902453216,0.08632692143760236
sl_004,-0.2824219090241101,0.0030854283134814364,-0.239567348410927,0.044372104158978215
sl_005,-0.17453595198791327,-0.01779022380712142,-0.15163942812815556,0.03848085827559726
sl_006,-0.037729656585662075,-0.009875566041065431,-0.07153697327949017,0.02877560103799412
sl_007,0.04196288870530332,-0.0016916453551463206,-0.008360452776609462,0.022964487485638802
sl_008,0.06659977039998602,0.016014660493500314,-0.013225633227068753,0.023443016374198003
sl_009,0.0645908496143759,0.01751837770347879,-0.011666668420809212,0.021838022318832126
sl_010,0.04890549926424771,0.04112501800167001,-0.030272664437580282,0.029183692587957194
sl_011,0.01310518966077931,0.051420562185673244,-0.04443589595007142,0.03394035265398633
sl_012,-0.016604323183299723,0.03774990422982154,-0.05175563766405397,0.028401675843355997
sl_013,-0.006640755212650576,0.03674544690145137,-0.04507814495607004,0.018116726281578455
sl_014,0.016808891158066157,0.036011464545889674,-0.026070874564778163,0.02323674403304908
sl_015,0.048337479255881693,0.020162759839784605,-0.001154434631968529,0.017845385889647944
sl_016,0.05086290585094043,0.03517073073008531,0.0004085756735263679,0.011589473875157033
sl_017,0.059331634587918104,0.060126434752488744,0.011371123714821879,0.011377806057053824
sl_018,0.056934860230206996,0.06395223609382392,0.0048798373374871196,0.0277367865335936
sl_019,0.04929745930173317,0.07249077428654059,-0.013881641307602555,0.043132240273186656
sl_020,0.021751899225408405,0.04003089524198951,-0.01800711334207568,0.03664874196112673
